"year","measure_id","correction","benchmark","source","last_updated"
2010,1,0,NA,"","2015-07-27 14:13:00"
2010,2,0,NA,"","2015-07-27 14:13:00"
2010,3,0,NA,"","2015-07-27 14:13:00"
2010,4,1,NA,"","2015-07-27 14:13:00"
2010,4,2,NA,"","2015-07-27 14:13:00"
2010,5,0,NA,"","2015-07-27 14:13:00"
2010,6,0,NA,"","2015-07-27 14:13:00"
2010,7,0,NA,"","2015-07-27 14:13:00"
2010,9,0,NA,"","2015-07-27 14:13:00"
2010,10,0,NA,"","2015-07-27 14:13:00"
2010,11,0,NA,"","2015-07-27 14:13:00"
2010,12,0,NA,"","2015-07-27 14:13:00"
2010,14,0,NA,"","2015-07-27 14:13:00"
2010,15,0,NA,"","2015-07-27 14:13:00"
2010,18,0,NA,"","2015-07-27 14:13:00"
2010,19,0,NA,"","2015-07-27 14:13:00"
2010,20,0,NA,"","2015-07-27 14:13:00"
2010,21,0,NA,"","2015-07-27 14:13:00"
2010,22,0,NA,"","2015-07-27 14:13:00"
2010,23,0,NA,"","2015-07-27 14:13:00"
2010,24,0,NA,"","2015-07-27 14:13:00"
2010,28,0,NA,"","2015-07-27 14:13:00"
2010,29,0,NA,"","2015-07-27 14:13:00"
2010,30,0,NA,"","2015-07-27 14:13:00"
2010,33,0,NA,"","2015-07-27 14:13:00"
2010,34,0,NA,"","2015-07-27 14:13:00"
2010,36,0,NA,"","2015-07-27 14:13:00"
2010,37,0,NA,"","2015-07-27 14:13:00"
2010,38,0,NA,"","2015-07-27 14:13:00"
2010,39,0,NA,"","2015-07-27 14:13:00"
2010,40,0,NA,"","2015-07-27 14:13:00"
2010,41,0,NA,"","2015-07-27 14:13:00"
2010,42,0,NA,"","2015-07-27 14:13:00"
2010,43,0,NA,"","2015-07-27 14:13:00"
2010,44,0,NA,"","2015-07-27 14:13:00"
2010,45,0,NA,"","2015-07-27 14:13:00"
2010,46,0,NA,"","2015-07-27 14:13:00"
2010,47,0,NA,"","2015-07-27 14:13:00"
2010,48,0,NA,"","2015-07-27 14:13:00"
2011,1,0,5563.5,"10th percentile","2015-07-27 14:13:00"
2011,2,0,0.103,"10th percentile","2015-07-27 14:13:00"
2011,3,0,0.129,"10th percentile","2015-07-27 14:13:00"
2011,4,1,0.001585,"90th percentile","2015-07-27 14:13:00"
2011,4,2,0.001072078241,"90th percentile","2015-07-27 14:13:00"
2011,5,0,51.7056,"10th percentile","2015-07-27 14:13:00"
2011,6,0,NA,"","2015-07-27 14:13:00"
2011,7,0,0.894515,"90th percentile","2015-07-27 14:13:00"
2011,9,0,0.147,"10th percentile","2015-07-27 14:13:00"
2011,10,0,NA,"","2015-07-27 14:13:00"
2011,11,0,0.248,"10th percentile","2015-07-27 14:13:00"
2011,12,0,0.071,"10th percentile","2015-07-27 14:13:00"
2011,14,0,22.1,"10th percentile","2015-07-27 14:13:00"
2011,15,0,0.6,"10th percentile","2015-07-27 14:13:00"
2011,18,0,NA,"","2015-07-27 14:13:00"
2011,19,0,NA,"","2015-07-27 14:13:00"
2011,20,0,NA,"","2015-07-27 14:13:00"
2011,21,0,0.923,"90th percentile","2015-07-27 14:13:00"
2011,23,0,0.053,"10th percentile","2015-07-27 14:13:00"
2011,24,0,0.111,"10th percentile","2015-07-27 14:13:00"
2011,29,0,0,"10th percentile","2015-07-27 14:13:00"
2011,30,0,0.917,"90th percentile","2015-07-27 14:13:00"
2011,33,0,NA,"","2015-07-27 14:13:00"
2011,34,0,NA,"","2015-07-27 14:13:00"
2011,36,0,2.6,"10th percentile","2015-07-27 14:13:00"
2011,37,0,0.0595,"10th percentile","2015-07-27 14:13:00"
2011,39,0,11.9,"10th percentile","2015-07-27 14:13:00"
2011,40,0,0.137,"10th percentile","2015-07-27 14:13:00"
2011,41,0,0,"10th percentile","2015-07-27 14:13:00"
2011,42,0,2.3,"10th percentile","2015-07-27 14:13:00"
2011,43,0,99.6,"10th percentile","2015-07-27 14:13:00"
2011,45,0,82.6,"10th percentile","2015-07-27 14:13:00"
2011,46,0,0,"10th percentile","2015-07-27 14:13:00"
2011,47,0,NA,"","2015-07-27 14:13:00"
2011,48,0,NA,"","2015-07-27 14:13:00"
2011,49,0,0.076,"10th percentile","2015-07-27 14:13:00"
2011,50,0,0.741604,"90th percentile","2015-07-27 14:13:00"
2011,51,0,NA,"","2015-07-27 14:13:00"
2011,52,0,NA,"","2015-07-27 14:13:00"
2011,53,0,NA,"","2015-07-27 14:13:00"
2011,54,0,NA,"","2015-07-27 14:13:00"
2011,55,0,NA,"","2015-07-27 14:13:00"
2011,56,0,NA,"","2015-07-27 14:13:00"
2011,57,0,NA,"","2015-07-27 14:13:00"
2011,58,0,NA,"","2015-07-27 14:13:00"
2011,59,0,NA,"","2015-07-27 14:13:00"
2011,60,0,0.074,"10th percentile","2015-07-27 14:13:00"
2011,61,0,37.7,"10th percentile","2015-07-27 14:13:00"
2011,62,0,0.000457,"90th percentile","2015-07-27 14:13:00"
2011,63,0,58042,"90th percentile","2015-07-27 14:13:00"
2011,64,0,0.208,"10th percentile","2015-07-27 14:13:00"
2011,65,0,0.195,"10th percentile","2015-07-27 14:13:00"
2011,66,0,0.07,"10th percentile","2015-07-27 14:13:00"
2011,67,0,0.707,"10th percentile","2015-07-27 14:13:00"
2011,68,0,17,"90th percentile","2015-07-27 14:13:00"
2011,69,0,0.676,"90th percentile","2015-07-27 14:13:00"
2011,70,0,0.2,"10th percentile","2015-07-27 14:13:00"
2011,72,0,NA,"","2015-07-27 14:13:00"
2011,73,0,NA,"","2015-07-27 14:13:00"
2011,74,0,NA,"","2015-07-27 14:13:00"
2011,75,0,NA,"","2015-07-27 14:13:00"
2011,76,0,NA,"","2015-07-27 14:13:00"
2011,77,0,NA,"","2015-07-27 14:13:00"
2011,78,0,NA,"","2015-07-27 14:13:00"
2011,79,0,NA,"","2015-07-27 14:13:00"
2011,80,0,NA,"","2015-07-27 14:13:00"
2011,81,0,NA,"","2015-07-27 14:13:00"
2011,82,0,0.196,"10th percentile","2015-07-27 14:13:00"
2011,89,0,NA,"","2015-07-27 14:13:00"
2011,90,0,NA,"","2015-07-27 14:13:00"
2011,91,0,NA,"","2015-07-27 14:13:00"
2011,92,0,NA,"","2015-07-27 14:13:00"
2011,93,0,NA,"","2015-07-27 14:13:00"
2011,94,0,NA,"","2015-07-27 14:13:00"
2011,95,0,NA,"","2015-07-27 14:13:00"
2012,1,0,5466.21,"10th percentile","2015-07-27 14:13:00"
2012,2,0,0.101,"10th percentile","2015-07-27 14:13:00"
2012,3,0,0.133,"10th percentile","2015-07-27 14:13:00"
2012,4,1,0.001586,"90th percentile","2015-07-27 14:13:00"
2012,4,2,0.0010744985673,"90th percentile","2015-07-27 14:13:00"
2012,5,0,48.5614849910874,"10th percentile","2015-07-27 14:13:00"
2012,6,0,NA,"","2015-07-27 14:13:00"
2012,7,0,0.890675241157556,"90th percentile","2015-07-27 14:13:00"
2012,9,0,0.14,"10th percentile","2015-07-27 14:13:00"
2012,10,0,NA,"","2015-07-27 14:13:00"
2012,11,0,0.253,"10th percentile","2015-07-27 14:13:00"
2012,14,0,21.8,"10th percentile","2015-07-27 14:13:00"
2012,15,0,2.237,"10th percentile","2015-07-27 14:13:00"
2012,18,0,NA,"","2015-07-27 14:13:00"
2012,19,0,NA,"","2015-07-27 14:13:00"
2012,20,0,NA,"","2015-07-27 14:13:00"
2012,21,0,NA,"","2015-07-27 14:13:00"
2012,23,0,0.054,"10th percentile","2015-07-27 14:13:00"
2012,24,0,0.134,"10th percentile","2015-07-27 14:13:00"
2012,29,0,0,"10th percentile","2015-07-27 14:13:00"
2012,30,0,0.912,"90th percentile","2015-07-27 14:13:00"
2012,33,0,NA,"","2015-07-27 14:13:00"
2012,34,0,NA,"","2015-07-27 14:13:00"
2012,36,0,2.6,"10th percentile","2015-07-27 14:13:00"
2012,37,0,0.06,"10th percentile","2015-07-27 14:13:00"
2012,39,0,11.6853407400416,"10th percentile","2015-07-27 14:13:00"
2012,40,0,0.137,"10th percentile","2015-07-27 14:13:00"
2012,42,0,2.3,"10th percentile","2015-07-27 14:13:00"
2012,43,0,73.124471561436,"10th percentile","2015-07-27 14:13:00"
2012,45,0,83.5,"10th percentile","2015-07-27 14:13:00"
2012,46,0,0,"10th percentile","2015-07-27 14:13:00"
2012,47,0,NA,"","2015-07-27 14:13:00"
2012,48,0,NA,"","2015-07-27 14:13:00"
2012,49,0,0.077,"10th percentile","2015-07-27 14:13:00"
2012,50,0,0.744548286604361,"90th percentile","2015-07-27 14:13:00"
2012,51,0,NA,"","2015-07-27 14:13:00"
2012,52,0,NA,"","2015-07-27 14:13:00"
2012,53,0,NA,"","2015-07-27 14:13:00"
2012,54,0,NA,"","2015-07-27 14:13:00"
2012,55,0,NA,"","2015-07-27 14:13:00"
2012,56,0,NA,"","2015-07-27 14:13:00"
2012,57,0,NA,"","2015-07-27 14:13:00"
2012,58,0,NA,"","2015-07-27 14:13:00"
2012,59,0,NA,"","2015-07-27 14:13:00"
2012,60,0,0.077,"10th percentile","2015-07-27 14:13:00"
2012,61,0,38.855,"10th percentile","2015-07-27 14:13:00"
2012,62,0,0.000456,"90th percentile","2015-07-27 14:13:00"
2012,63,0,56159,"90th percentile","2015-07-27 14:13:00"
2012,64,0,0.19496855345912,"10th percentile","2015-07-27 14:13:00"
2012,65,0,0.194,"10th percentile","2015-07-27 14:13:00"
2012,66,0,0.07,"10th percentile","2015-07-27 14:13:00"
2012,67,0,0.705625099847091,"10th percentile","2015-07-27 14:13:00"
2012,68,0,16.0720025715204,"90th percentile","2015-07-27 14:13:00"
2012,69,0,0.683544303797468,"90th percentile","2015-07-27 14:13:00"
2012,70,0,0.208,"10th percentile","2015-07-27 14:13:00"
2012,80,0,NA,"","2015-07-27 14:13:00"
2012,81,0,NA,"","2015-07-27 14:13:00"
2012,82,0,0.196509009009009,"10th percentile","2015-07-27 14:13:00"
2012,83,0,0.0027,"10th percentile","2015-07-27 14:13:00"
2012,84,0,0.25,"10th percentile","2015-07-27 14:13:00"
2012,85,0,0.112,"10th percentile","2015-07-27 14:13:00"
2012,86,0,NA,"","2015-07-27 14:13:00"
2012,87,0,0.075,"10th percentile","2015-07-27 14:13:00"
2012,88,0,0.000606631147973365,"90th percentile","2015-07-27 14:13:00"
2012,96,0,0.912,"90th percentile","2015-07-27 14:13:00"
2013,1,0,5316.72,"10th percentile","2015-07-27 14:13:00"
2013,2,0,0.099,"10th percentile","2015-07-27 14:13:00"
2013,3,0,0.137,"10th percentile","2015-07-27 14:13:00"
2013,4,0,0.000937528583188512,"90th percentile","2015-07-27 14:13:00"
2013,5,0,46.8999999761581,"10th percentile","2015-07-27 14:13:00"
2013,6,0,NA,"","2015-07-27 14:13:00"
2013,7,0,0.899186991869919,"90th percentile","2015-07-27 14:13:00"
2013,8,0,NA,"","2015-07-27 14:13:00"
2013,9,0,0.133,"10th percentile","2015-07-27 14:13:00"
2013,10,0,NA,"","2015-07-27 14:13:00"
2013,11,0,0.253,"10th percentile","2015-07-27 14:13:00"
2013,13,0,NA,"","2015-07-27 14:13:00"
2013,14,0,21.0236622595472,"10th percentile","2015-07-27 14:13:00"
2013,15,0,2.08212779579879,"10th percentile","2015-07-27 14:13:00"
2013,16,0,NA,"","2015-07-27 14:13:00"
2013,17,0,NA,"","2015-07-27 14:13:00"
2013,18,0,NA,"","2015-07-27 14:13:00"
2013,19,0,NA,"","2015-07-27 14:13:00"
2013,20,0,NA,"","2015-07-27 14:13:00"
2013,21,0,0.934,"90th percentile","2015-07-27 14:13:00"
2013,23,0,0.05,"10th percentile","2015-07-27 14:13:00"
2013,24,0,0.138,"10th percentile","2015-07-27 14:13:00"
2013,25,0,NA,"","2015-07-27 14:13:00"
2013,26,0,NA,"","2015-07-27 14:13:00"
2013,27,0,NA,"","2015-07-27 14:13:00"
2013,31,0,NA,"","2015-07-27 14:13:00"
2013,32,0,NA,"","2015-07-27 14:13:00"
2013,34,0,NA,"","2015-07-27 14:13:00"
2013,35,0,NA,"","2015-07-27 14:13:00"
2013,36,0,2.6,"10th percentile","2015-07-27 14:13:00"
2013,37,0,0.06,"10th percentile","2015-07-27 14:13:00"
2013,39,0,10.3161801763852,"10th percentile","2015-07-27 14:13:00"
2013,40,0,0.136,"10th percentile","2015-07-27 14:13:00"
2013,42,0,2.3,"10th percentile","2015-07-27 14:13:00"
2013,43,0,66.2280510653131,"10th percentile","2015-07-27 14:13:00"
2013,45,0,92,"10th percentile","2015-07-27 14:13:00"
2013,47,0,NA,"","2015-07-27 14:13:00"
2013,49,0,0.074,"10th percentile","2015-07-27 14:13:00"
2013,50,0,0.730206378986867,"90th percentile","2015-07-27 14:13:00"
2013,51,0,NA,"","2015-07-27 14:13:00"
2013,52,0,NA,"","2015-07-27 14:13:00"
2013,53,0,NA,"","2015-07-27 14:13:00"
2013,54,0,NA,"","2015-07-27 14:13:00"
2013,55,0,NA,"","2015-07-27 14:13:00"
2013,56,0,NA,"","2015-07-27 14:13:00"
2013,57,0,NA,"","2015-07-27 14:13:00"
2013,58,0,NA,"","2015-07-27 14:13:00"
2013,59,0,NA,"","2015-07-27 14:13:00"
2013,60,0,0.077,"10th percentile","2015-07-27 14:13:00"
2013,61,0,40.4,"10th percentile","2015-07-27 14:13:00"
2013,62,0,0.000578288480279292,"90th percentile","2015-07-27 14:13:00"
2013,63,0,57039,"90th percentile","2015-07-27 14:13:00"
2013,64,0,0.193746167995095,"10th percentile","2015-07-27 14:13:00"
2013,65,0,0.236507936507937,"10th percentile","2015-07-27 14:13:00"
2013,67,0,0.710171428571429,"10th percentile","2015-07-27 14:13:00"
2013,68,0,15.8104900673488,"90th percentile","2015-07-27 14:13:00"
2013,69,0,0.695020746887967,"90th percentile","2015-07-27 14:13:00"
2013,70,0,0.208,"10th percentile","2015-07-27 14:13:00"
2013,80,0,NA,"","2015-07-27 14:13:00"
2013,81,0,NA,"","2015-07-27 14:13:00"
2013,82,0,0.200116906784032,"10th percentile","2015-07-27 14:13:00"
2013,83,0,0.014839784447053,"10th percentile","2015-07-27 14:13:00"
2013,84,0,0.274193548387097,"10th percentile","2015-07-27 14:13:00"
2013,85,0,0.114,"10th percentile","2015-07-27 14:13:00"
2013,86,0,NA,"","2015-07-27 14:13:00"
2013,87,0,0.073,"10th percentile","2015-07-27 14:13:00"
2013,88,1,0.00065973940293584,"90th percentile","2015-07-27 14:13:00"
2013,88,2,0.0006749894,"90th percentile","2015-07-27 14:13:00"
2013,97,0,NA,"","2015-07-27 14:13:00"
2013,99,0,NA,"","2015-07-27 14:13:00"
2013,100,0,NA,"","2015-07-27 14:13:00"
2013,101,0,NA,"","2015-07-27 14:13:00"
2013,102,0,NA,"","2015-07-27 14:13:00"
2013,103,0,NA,"","2015-07-27 14:13:00"
2013,104,0,NA,"","2015-07-27 14:13:00"
2013,105,0,NA,"","2015-07-27 14:13:00"
2013,106,0,NA,"","2015-07-27 14:13:00"
2013,107,0,NA,"","2015-07-27 14:13:00"
2013,108,0,NA,"","2015-07-27 14:13:00"
2013,109,0,NA,"","2015-07-27 14:13:00"
2013,110,0,NA,"","2015-07-27 14:13:00"
2013,111,0,NA,"","2015-07-27 14:13:00"
2013,112,0,NA,"","2015-07-27 14:13:00"
2013,113,0,NA,"","2015-07-27 14:13:00"
2013,114,0,NA,"","2015-07-27 14:13:00"
2013,115,0,NA,"","2015-07-27 14:13:00"
2013,116,0,NA,"","2015-07-27 14:13:00"
2013,117,0,NA,"","2015-07-27 14:13:00"
2013,118,0,NA,"","2015-07-27 14:13:00"
2013,119,0,NA,"","2015-07-27 14:13:00"
2013,120,0,NA,"","2015-07-27 14:13:00"
2013,121,0,NA,"","2015-07-27 14:13:00"
2013,122,0,0.047,"10th percentile","2015-07-27 14:13:00"
2013,123,0,NA,"","2015-07-27 14:13:00"
2013,124,0,0,"10th percentile","2015-07-27 14:13:00"
2013,125,0,8.77,"10th percentile","2015-07-27 14:13:00"
2013,126,0,NA,"","2015-07-27 14:13:00"
2013,127,0,274,"10th percentile","2015-07-27 14:13:00"
2013,128,0,41.4121544673362,"10th percentile","2015-07-27 14:13:00"
2013,129,0,469.76892725793,"10th percentile","2015-07-27 14:13:00"
2013,130,0,0.49,"90th percentile","2015-07-27 14:13:00"
2014,1,0,5316.72,"10th percentile","2015-07-27 14:13:00"
2014,2,0,0.103,"10th percentile","2015-07-27 14:13:00"
2014,3,0,0.131924360400445,"10th percentile","2015-07-27 14:13:00"
2014,4,0,0.000951843516925817,"90th percentile","2015-07-27 14:13:00"
2014,5,0,46.0724993756991,"10th percentile","2015-07-27 14:13:00"
2014,6,0,NA,"","2015-07-27 14:13:00"
2014,7,0,0.9,"90th percentile","2015-07-27 14:13:00"
2014,8,0,NA,"","2015-07-27 14:13:00"
2014,9,0,0.138,"10th percentile","2015-07-27 14:13:00"
2014,10,0,NA,"","2015-07-27 14:13:00"
2014,11,0,0.253,"10th percentile","2015-07-27 14:13:00"
2014,13,0,NA,"","2015-07-27 14:13:00"
2014,14,0,19.9901687694576,"10th percentile","2015-07-27 14:13:00"
2014,15,0,2.08212779579879,"10th percentile","2015-07-27 14:13:00"
2014,16,0,NA,"","2015-07-27 14:13:00"
2014,17,0,NA,"","2015-07-27 14:13:00"
2014,18,0,NA,"","2015-07-27 14:13:00"
2014,19,0,NA,"","2015-07-27 14:13:00"
2014,20,0,NA,"","2015-07-27 14:13:00"
2014,21,0,0.925,"90th percentile","2015-07-27 14:13:00"
2014,23,0,0.0444214876033058,"10th percentile","2015-07-27 14:13:00"
2014,24,0,0.134,"10th percentile","2015-07-27 14:13:00"
2014,25,0,NA,"","2015-07-27 14:13:00"
2014,26,0,NA,"","2015-07-27 14:13:00"
2014,27,0,NA,"","2015-07-27 14:13:00"
2014,31,0,NA,"","2015-07-27 14:13:00"
2014,32,0,NA,"","2015-07-27 14:13:00"
2014,35,0,NA,"","2015-07-27 14:13:00"
2014,36,0,2.5,"10th percentile","2015-07-27 14:13:00"
2014,37,0,0.06,"10th percentile","2015-07-27 14:13:00"
2014,39,0,10.3161801763852,"10th percentile","2015-07-27 14:13:00"
2014,40,0,0.136,"10th percentile","2015-07-27 14:13:00"
2014,42,0,2.4,"10th percentile","2015-07-27 14:13:00"
2014,43,0,63.9318060735216,"10th percentile","2015-07-27 14:13:00"
2014,45,0,122.5,"10th percentile","2015-07-27 14:13:00"
2014,47,0,NA,"","2015-07-27 14:13:00"
2014,49,0,0.101,"10th percentile","2015-07-27 14:13:00"
2014,50,0,0.7074235808,"90th percentile","2015-07-27 14:13:00"
2014,51,0,NA,"","2015-07-27 14:13:00"
2014,52,0,NA,"","2015-07-27 14:13:00"
2014,53,0,NA,"","2015-07-27 14:13:00"
2014,54,0,NA,"","2015-07-27 14:13:00"
2014,55,0,NA,"","2015-07-27 14:13:00"
2014,56,0,NA,"","2015-07-27 14:13:00"
2014,57,0,NA,"","2015-07-27 14:13:00"
2014,58,0,NA,"","2015-07-27 14:13:00"
2014,59,0,NA,"","2015-07-27 14:13:00"
2014,60,0,0.079,"10th percentile","2015-07-27 14:13:00"
2014,61,0,39.7,"10th percentile","2015-07-27 14:13:00"
2014,62,1,0.00186676622753214,"90th percentile","2015-07-27 14:13:00"
2014,62,2,NA,"90th percentile","2015-07-27 14:13:00"
2014,63,0,58383,"90th percentile","2015-07-27 14:13:00"
2014,65,0,0.236597029952177,"10th percentile","2015-07-27 14:13:00"
2014,67,0,0.713610266801756,"10th percentile","2015-07-27 14:13:00"
2014,69,0,0.701848998459168,"90th percentile","2015-07-27 14:13:00"
2014,70,0,0.208,"10th percentile","2015-07-27 14:13:00"
2014,80,0,NA,"","2015-07-27 14:13:00"
2014,81,0,NA,"","2015-07-27 14:13:00"
2014,82,0,0.203536006899526,"10th percentile","2015-07-27 14:13:00"
2014,83,0,0.0147934107554996,"10th percentile","2015-07-27 14:13:00"
2014,85,0,0.109706985140953,"10th percentile","2015-07-27 14:13:00"
2014,86,0,NA,"","2015-07-27 14:13:00"
2014,87,0,0.084,"10th percentile","2015-07-27 14:13:00"
2014,88,1,0.000694830461367426,"90th percentile","2015-07-27 14:13:00"
2014,88,2,0.0007182265,"90th percentile","2015-07-27 14:13:00"
2014,97,0,NA,"","2015-07-27 14:13:00"
2014,99,0,NA,"","2015-07-27 14:13:00"
2014,100,0,NA,"","2015-07-27 14:13:00"
2014,101,0,NA,"","2015-07-27 14:13:00"
2014,102,0,NA,"","2015-07-27 14:13:00"
2014,103,0,NA,"","2015-07-27 14:13:00"
2014,104,0,NA,"","2015-07-27 14:13:00"
2014,105,0,NA,"","2015-07-27 14:13:00"
2014,106,0,NA,"","2015-07-27 14:13:00"
2014,107,0,NA,"","2015-07-27 14:13:00"
2014,108,0,NA,"","2015-07-27 14:13:00"
2014,109,0,NA,"","2015-07-27 14:13:00"
2014,110,0,NA,"","2015-07-27 14:13:00"
2014,111,0,NA,"","2015-07-27 14:13:00"
2014,112,0,NA,"","2015-07-27 14:13:00"
2014,113,0,NA,"","2015-07-27 14:13:00"
2014,114,0,NA,"","2015-07-27 14:13:00"
2014,115,0,NA,"","2015-07-27 14:13:00"
2014,116,0,NA,"","2015-07-27 14:13:00"
2014,117,0,NA,"","2015-07-27 14:13:00"
2014,118,0,NA,"","2015-07-27 14:13:00"
2014,119,0,NA,"","2015-07-27 14:13:00"
2014,120,0,NA,"","2015-07-27 14:13:00"
2014,121,0,NA,"","2015-07-27 14:13:00"
2014,122,0,0.045343337139129,"10th percentile","2015-07-27 14:13:00"
2014,123,0,NA,"","2015-07-27 14:13:00"
2014,124,0,0,"10th percentile","2015-07-27 14:13:00"
2014,125,0,9.47,"10th percentile","2015-07-27 14:13:00"
2014,126,0,NA,"","2015-07-27 14:13:00"
2014,127,0,274,"10th percentile","2015-07-27 14:13:00"
2014,128,0,41.4121544673362,"10th percentile","2015-07-27 14:13:00"
2014,129,0,4.9,"10th percentile","2015-07-27 14:13:00"
2014,131,1,0.000969261579468759,"90th percentile","2015-07-27 14:13:00"
2014,131,2,NA,"90th percentile","2015-07-27 14:13:00"
2014,132,0,0.848080628427449,"90th percentile","2015-07-27 14:13:00"
2014,132,1,0.723361382166912,"90th percentile","2015-07-27 14:13:00"
2014,132,2,0.87823,"90th percentile","2015-07-27 14:13:00"
2014,133,0,8.71694801397782,"90th percentile","2015-07-27 14:13:00"
2014,134,0,0.142857142857143,"10th percentile","2015-07-27 14:13:00"
2014,135,0,49.4,"10th percentile","2015-07-27 14:13:00"
2014,136,0,0.0921139827700464,"10th percentile","2015-07-27 14:13:00"
2014,137,0,0.148,"10th percentile","2015-07-27 14:13:00"
2014,138,0,6.0767420608174,"10th percentile","2015-07-27 14:13:00"
2014,139,0,0.099,"10th percentile","2015-07-27 14:13:00"
2015,1,0,5199.76,"10th percentile","2015-07-27 14:13:00"
2015,2,0,0.102,"10th percentile","2015-07-27 14:13:00"
2015,3,0,0.129151912228529,"10th percentile","2015-07-27 14:13:00"
2015,4,0,0.00095670591049135,"90th percentile","2015-07-27 14:13:00"
2015,5,0,41.19,"10th percentile","2015-07-27 14:13:00"
2015,6,0,NA,"","2015-07-27 14:13:00"
2015,7,0,0.901869158878505,"90th percentile","2015-07-27 14:13:00"
2015,8,0,NA,"","2015-07-27 14:13:00"
2015,9,0,0.137,"10th percentile","2015-07-27 14:13:00"
2015,10,0,NA,"","2015-07-27 14:13:00"
2015,11,0,0.252,"10th percentile","2015-07-27 14:13:00"
2015,13,0,NA,"","2015-07-27 14:13:00"
2015,14,0,19.5458966010241,"10th percentile","2015-07-27 14:13:00"
2015,15,0,2,"10th percentile","2015-07-27 14:13:00"
2015,16,0,NA,"","2015-07-27 14:13:00"
2015,17,0,NA,"","2015-07-27 14:13:00"
2015,18,0,NA,"","2015-07-27 14:13:00"
2015,19,0,NA,"","2015-07-27 14:13:00"
2015,20,0,NA,"","2015-07-27 14:13:00"
2015,21,0,0.931438223938224,"90th percentile","2015-07-27 14:13:00"
2015,23,0,0.0401096039906556,"10th percentile","2015-07-27 14:13:00"
2015,24,0,0.131,"10th percentile","2015-07-27 14:13:00"
2015,25,0,NA,"","2015-07-27 14:13:00"
2015,26,0,NA,"","2015-07-27 14:13:00"
2015,27,0,NA,"","2015-07-27 14:13:00"
2015,31,0,NA,"","2015-07-27 14:13:00"
2015,32,0,NA,"","2015-07-27 14:13:00"
2015,35,0,NA,"","2015-07-27 14:13:00"
2015,36,0,2.5,"10th percentile","2015-07-27 14:13:00"
2015,37,0,0.0586011342155009,"10th percentile","2015-07-27 14:13:00"
2015,39,0,9.56934812976452,"10th percentile","2015-07-27 14:13:00"
2015,42,0,2.3,"10th percentile","2015-07-27 14:13:00"
2015,43,0,59.2358574390364,"10th percentile","2015-07-27 14:13:00"
2015,44,0,3.69750166002656,"10th percentile","2015-07-27 14:13:00"
2015,45,0,138.2,"10th percentile","2015-07-27 14:13:00"
2015,47,0,NA,"","2015-07-27 14:13:00"
2015,49,0,0.101,"10th percentile","2015-07-27 14:13:00"
2015,50,0,0.707446808510638,"90th percentile","2015-07-27 14:13:00"
2015,51,0,NA,"","2015-07-27 14:13:00"
2015,52,0,NA,"","2015-07-27 14:13:00"
2015,53,0,NA,"","2015-07-27 14:13:00"
2015,54,0,NA,"","2015-07-27 14:13:00"
2015,55,0,NA,"","2015-07-27 14:13:00"
2015,56,0,NA,"","2015-07-27 14:13:00"
2015,57,0,NA,"","2015-07-27 14:13:00"
2015,58,0,NA,"","2015-07-27 14:13:00"
2015,59,0,NA,"","2015-07-27 14:13:00"
2015,60,0,0.081,"10th percentile","2015-07-27 14:13:00"
2015,61,0,39.7,"10th percentile","2015-07-27 14:13:00"
2015,62,1,0.00259151279559443,"90th percentile","2015-07-27 14:13:00"
2015,62,2,0.00242926061518459,"90th percentile","2015-07-27 14:13:00"
2015,63,0,59854,"90th percentile","2015-07-27 14:13:00"
2015,65,0,0.22463768115942,"10th percentile","2015-07-27 14:13:00"
2015,67,0,0.711274002163738,"10th percentile","2015-07-27 14:13:00"
2015,69,0,0.709923664122137,"90th percentile","2015-07-27 14:13:00"
2015,70,0,0.199,"10th percentile","2015-07-27 14:13:00"
2015,80,0,NA,"","2015-07-27 14:13:00"
2015,81,0,NA,"","2015-07-27 14:13:00"
2015,82,0,0.200788244330559,"10th percentile","2015-07-27 14:13:00"
2015,83,0,0.0151616386323003,"10th percentile","2015-07-27 14:13:00"
2015,85,0,0.107205681695406,"10th percentile","2015-07-27 14:13:00"
2015,86,0,NA,"","2015-07-27 14:13:00"
2015,87,0,0.084,"10th percentile","2015-07-27 14:13:00"
2015,88,0,0.000726022162781811,"90th percentile","2015-07-27 14:13:00"
2015,97,0,NA,"","2015-07-27 14:13:00"
2015,99,0,NA,"","2015-07-27 14:13:00"
2015,100,0,NA,"","2015-07-27 14:13:00"
2015,101,0,NA,"","2015-07-27 14:13:00"
2015,103,0,NA,"","2015-07-27 14:13:00"
2015,104,0,NA,"","2015-07-27 14:13:00"
2015,105,0,NA,"","2015-07-27 14:13:00"
2015,106,0,NA,"","2015-07-27 14:13:00"
2015,107,0,NA,"","2015-07-27 14:13:00"
2015,108,0,NA,"","2015-07-27 14:13:00"
2015,109,0,NA,"","2015-07-27 14:13:00"
2015,112,0,NA,"","2015-07-27 14:13:00"
2015,116,0,NA,"","2015-07-27 14:13:00"
2015,117,0,NA,"","2015-07-27 14:13:00"
2015,118,0,NA,"","2015-07-27 14:13:00"
2015,119,0,NA,"","2015-07-27 14:13:00"
2015,120,0,NA,"","2015-07-27 14:13:00"
2015,121,0,NA,"","2015-07-27 14:13:00"
2015,122,0,0.0425629833630989,"10th percentile","2015-07-27 14:13:00"
2015,123,0,NA,"","2015-07-27 14:13:00"
2015,124,0,0,"10th percentile","2015-07-27 14:13:00"
2015,125,0,9.47,"10th percentile","2015-07-27 14:13:00"
2015,126,0,NA,"","2015-07-27 14:13:00"
2015,127,0,269.1,"10th percentile","2015-07-27 14:13:00"
2015,128,0,37.9438070286385,"10th percentile","2015-07-27 14:13:00"
2015,129,0,4.8,"10th percentile","2015-07-27 14:13:00"
2015,131,1,0.00107746399001928,"90th percentile","2015-07-27 14:13:00"
2015,131,2,0.00101962783583992,"90th percentile","2015-07-27 14:13:00"
2015,132,0,0.915644669865538,"90th percentile","2015-07-27 14:13:00"
2015,133,0,8.4,"90th percentile","2015-07-27 14:13:00"
2015,134,0,0.140350877192982,"10th percentile","2015-07-27 14:13:00"
2015,135,0,50.0609841945659,"10th percentile","2015-07-27 14:13:00"
2015,136,0,0.0911949685534591,"10th percentile","2015-07-27 14:13:00"
2015,137,0,0.147,"10th percentile","2015-07-27 14:13:00"
2015,138,0,6.79781329696138,"10th percentile","2015-07-27 14:13:00"
2015,139,0,0.103,"10th percentile","2015-07-27 14:13:00"
2015,140,0,22.0480156785889,"90th percentile","2015-07-27 14:13:00"
2016,1,0,5231.8,"10th percentile","2016-02-24 20:29:00"
2016,2,0,0.115,"10th percentile","2016-02-24 20:29:00"
2016,3,0,0.126874249291046,"10th percentile","2016-02-24 20:29:00"
2016,4,0,0.000962077060234576,"90th percentile","2016-02-24 20:29:00"
2016,5,0,38.23,"10th percentile","2016-02-24 20:29:00"
2016,6,0,NA,"","2016-02-24 20:29:00"
2016,7,0,0.904198062432723,"90th percentile","2016-02-24 20:29:00"
2016,8,0,NA,"","2016-02-24 20:29:00"
2016,9,0,0.143,"10th percentile","2016-02-24 20:29:00"
2016,10,0,NA,"","2016-02-24 20:29:00"
2016,11,0,0.253,"10th percentile","2016-02-24 20:29:00"
2016,13,0,NA,"","2016-02-24 20:29:00"
2016,14,0,18.582243633861,"10th percentile","2016-02-24 20:29:00"
2016,15,0,2,"10th percentile","2016-02-24 20:29:00"
2016,16,0,NA,"","2016-02-24 20:29:00"
2016,17,0,NA,"","2016-02-24 20:29:00"
2016,18,0,NA,"","2016-02-24 20:29:00"
2016,19,0,NA,"","2016-02-24 20:29:00"
2016,20,0,NA,"","2016-02-24 20:29:00"
2016,21,0,0.932922077922078,"90th percentile","2016-02-24 20:29:00"
2016,23,0,0.0354837366207155,"10th percentile","2016-02-24 20:29:00"
2016,24,0,0.13,"10th percentile","2016-02-24 20:29:00"
2016,25,0,NA,"","2016-02-24 20:29:00"
2016,26,0,NA,"","2016-02-24 20:29:00"
2016,27,0,NA,"","2016-02-24 20:29:00"
2016,31,0,NA,"","2016-02-24 20:29:00"
2016,32,0,NA,"","2016-02-24 20:29:00"
2016,35,0,NA,"","2016-02-24 20:29:00"
2016,36,0,2.9,"10th percentile","2016-02-24 20:29:00"
2016,37,0,0.0586220022839741,"10th percentile","2016-02-24 20:29:00"
2016,39,0,9.17000318471732,"10th percentile","2016-02-24 20:29:00"
2016,42,0,2.8,"10th percentile","2016-02-24 20:29:00"
2016,43,0,59.2358574390364,"10th percentile","2016-02-24 20:29:00"
2016,44,0,3.72864966934981,"10th percentile","2016-02-24 20:29:00"
2016,45,0,134.099616858238,"10th percentile","2016-02-24 20:29:00"
2016,47,0,NA,"","2016-02-24 20:29:00"
2016,49,0,0.119,"10th percentile","2016-02-24 20:29:00"
2016,50,0,0.71,"90th percentile","2016-02-24 20:29:00"
2016,51,0,NA,"","2016-02-24 20:29:00"
2016,52,0,NA,"","2016-02-24 20:29:00"
2016,53,0,NA,"","2016-02-24 20:29:00"
2016,54,0,NA,"","2016-02-24 20:29:00"
2016,55,0,NA,"","2016-02-24 20:29:00"
2016,56,0,NA,"","2016-02-24 20:29:00"
2016,57,0,NA,"","2016-02-24 20:29:00"
2016,58,0,NA,"","2016-02-24 20:29:00"
2016,59,0,NA,"","2016-02-24 20:29:00"
2016,60,0,0.086,"10th percentile","2016-02-24 20:29:00"
2016,61,0,41.250721887633,"10th percentile","2016-02-24 20:29:00"
2016,62,1,0.00273306404614055,"90th percentile","2016-02-24 20:29:00"
2016,62,2,0.00256377941236796,"90th percentile","2016-02-24 20:29:00"
2016,63,0,61653,"90th percentile","2016-02-24 20:29:00"
2016,65,0,0.246670366259711,"10th percentile","2016-02-24 20:29:00"
2016,67,0,0.712710467424172,"10th percentile","2016-02-24 20:29:00"
2016,69,0,0.715882902522579,"90th percentile","2016-02-24 20:29:00"
2016,70,0,0.2,"10th percentile","2016-02-24 20:29:00"
2016,80,0,NA,"","2016-02-24 20:29:00"
2016,81,0,NA,"","2016-02-24 20:29:00"
2016,82,0,0.206257025103035,"10th percentile","2016-02-24 20:29:00"
2016,83,0,0.0151616386323003,"10th percentile","2016-02-24 20:29:00"
2016,85,0,0.105418796251204,"10th percentile","2016-02-24 20:29:00"
2016,86,0,NA,"","2016-02-24 20:29:00"
2016,88,0,0.000744250860045209,"90th percentile","2016-02-24 20:29:00"
2016,97,0,NA,"","2016-02-24 20:29:00"
2016,100,0,NA,"","2016-02-24 20:29:00"
2016,101,0,NA,"","2016-02-24 20:29:00"
2016,103,0,NA,"","2016-02-24 20:29:00"
2016,104,0,NA,"","2016-02-24 20:29:00"
2016,105,0,NA,"","2016-02-24 20:29:00"
2016,106,0,NA,"","2016-02-24 20:29:00"
2016,107,0,NA,"","2016-02-24 20:29:00"
2016,108,0,NA,"","2016-02-24 20:29:00"
2016,109,0,NA,"","2016-02-24 20:29:00"
2016,112,0,NA,"","2016-02-24 20:29:00"
2016,116,0,NA,"","2016-02-24 20:29:00"
2016,117,0,NA,"","2016-02-24 20:29:00"
2016,118,0,NA,"","2016-02-24 20:29:00"
2016,119,0,NA,"","2016-02-24 20:29:00"
2016,120,0,NA,"","2016-02-24 20:29:00"
2016,121,0,NA,"","2016-02-24 20:29:00"
2016,122,0,0.0458441729499469,"10th percentile","2016-02-24 20:29:00"
2016,123,0,NA,"","2016-02-24 20:29:00"
2016,124,0,NA,"","2016-02-24 20:29:00"
2016,125,0,9.47,"10th percentile","2016-02-24 20:29:00"
2016,126,0,NA,"","2016-02-24 20:29:00"
2016,127,0,268.3,"10th percentile","2016-02-24 20:29:00"
2016,128,0,37.7420800603873,"10th percentile","2016-02-24 20:29:00"
2016,129,0,4.68904244817374,"10th percentile","2016-02-24 20:29:00"
2016,131,1,0.00115456775869534,"90th percentile","2016-02-24 20:29:00"
2016,131,2,0.00108849461195167,"90th percentile","2016-02-24 20:29:00"
2016,132,0,0.906937203865532,"90th percentile","2016-02-24 20:29:00"
2016,133,0,8.3,"90th percentile","2016-02-24 20:29:00"
2016,134,0,0.137931034482759,"10th percentile","2016-02-24 20:29:00"
2016,135,0,50.5192625928276,"10th percentile","2016-02-24 20:29:00"
2016,136,0,0.0911051212938005,"10th percentile","2016-02-24 20:29:00"
2016,137,0,0.15,"10th percentile","2016-02-24 20:29:00"
2016,138,0,8.38368200135257,"10th percentile","2016-02-24 20:29:00"
2016,139,0,0.107,"10th percentile","2016-02-24 20:29:00"
2016,140,0,22.1351949599864,"90th percentile","2016-02-24 20:29:00"
2016,141,0,23.4125684129286,"10th percentile","2016-02-24 20:29:00"
2016,142,0,14.5089139518751,"10th percentile","2016-02-24 20:29:00"
2016,143,0,0.277,"10th percentile","2016-02-24 20:29:00"
2016,144,0,0.086,"10th percentile","2016-02-24 20:29:00"
2016,145,0,0.085,"10th percentile","2016-02-24 20:29:00"
2016,146,0,4,"10th percentile","2016-02-24 20:29:00"
2017,1,0,5220.8,"10th percentile","2017-02-10 12:07:00"
2017,2,0,0.117465625803086,"10th percentile","2017-02-10 12:07:00"
2017,3,0,0.0957408228230648,"10th percentile","2017-02-10 12:07:00"
2017,4,0,0.000963020030816641,"90th percentile","2017-02-10 12:07:00"
2017,5,0,35.59,"10th percentile","2017-02-10 12:07:00"
2017,6,0,NA,"","2017-02-10 12:07:00"
2017,7,0,0.905095839177186,"90th percentile","2017-02-10 12:07:00"
2017,8,0,NA,"","2017-02-10 12:07:00"
2017,9,0,0.141135657974402,"10th percentile","2017-02-10 12:07:00"
2017,10,0,NA,"","2017-02-10 12:07:00"
2017,11,0,0.255,"10th percentile","2017-02-10 12:07:00"
2017,13,0,NA,"","2017-02-10 12:07:00"
2017,14,0,17.3160173160173,"10th percentile","2017-02-10 12:07:00"
2017,15,0,1.9,"10th percentile","2017-02-10 12:07:00"
2017,16,0,NA,"","2017-02-10 12:07:00"
2017,17,0,NA,"","2017-02-10 12:07:00"
2017,18,0,NA,"","2017-02-10 12:07:00"
2017,19,0,NA,"","2017-02-10 12:07:00"
2017,20,0,NA,"","2017-02-10 12:07:00"
2017,21,0,0.946344339622642,"90th percentile","2017-02-10 12:07:00"
2017,23,0,0.032955087462425,"10th percentile","2017-02-10 12:07:00"
2017,24,0,0.121,"10th percentile","2017-02-10 12:07:00"
2017,25,0,NA,"","2017-02-10 12:07:00"
2017,26,0,NA,"","2017-02-10 12:07:00"
2017,27,0,NA,"","2017-02-10 12:07:00"
2017,31,0,NA,"","2017-02-10 12:07:00"
2017,32,0,NA,"","2017-02-10 12:07:00"
2017,35,0,NA,"","2017-02-10 12:07:00"
2017,36,0,2.98902707950769,"10th percentile","2017-02-10 12:07:00"
2017,37,0,0.0588816357976492,"10th percentile","2017-02-10 12:07:00"
2017,39,0,8.43000348195796,"10th percentile","2017-02-10 12:07:00"
2017,42,0,3.01653409288823,"10th percentile","2017-02-10 12:07:00"
2017,43,0,62.1364403893884,"10th percentile","2017-02-10 12:07:00"
2017,44,0,3.73654492493838,"10th percentile","2017-02-10 12:07:00"
2017,45,0,145.5,"10th percentile","2017-02-10 12:07:00"
2017,47,0,NA,"","2017-02-10 12:07:00"
2017,49,0,0.123233952882439,"10th percentile","2017-02-10 12:07:00"
2017,50,0,0.705882352941177,"90th percentile","2017-02-10 12:07:00"
2017,51,0,NA,"","2017-02-10 12:07:00"
2017,52,0,NA,"","2017-02-10 12:07:00"
2017,53,0,NA,"","2017-02-10 12:07:00"
2017,54,0,NA,"","2017-02-10 12:07:00"
2017,55,0,NA,"","2017-02-10 12:07:00"
2017,56,0,NA,"","2017-02-10 12:07:00"
2017,57,0,NA,"","2017-02-10 12:07:00"
2017,58,0,NA,"","2017-02-10 12:07:00"
2017,59,0,NA,"","2017-02-10 12:07:00"
2017,60,0,0.082,"10th percentile","2017-02-10 12:07:00"
2017,61,0,41.7,"10th percentile","2017-02-10 12:07:00"
2017,62,0,0.00278490289483327,"90th percentile","2017-02-10 12:07:00"
2017,63,0,63255,"90th percentile","2017-02-10 12:07:00"
2017,65,0,0.333570919458304,"10th percentile","2017-02-10 12:07:00"
2017,67,0,0.715608465608466,"10th percentile","2017-02-10 12:07:00"
2017,69,0,0.717374213836478,"90th percentile","2017-02-10 12:07:00"
2017,70,0,0.193,"10th percentile","2017-02-10 12:07:00"
2017,80,0,NA,"","2017-02-10 12:07:00"
2017,81,0,NA,"","2017-02-10 12:07:00"
2017,82,0,0.206554121151936,"10th percentile","2017-02-10 12:07:00"
2017,83,0,0.0151578680836329,"10th percentile","2017-02-10 12:07:00"
2017,85,0,0.0812417066925823,"10th percentile","2017-02-10 12:07:00"
2017,86,0,NA,"","2017-02-10 12:07:00"
2017,88,0,0.000754868904433597,"90th percentile","2017-02-10 12:07:00"
2017,97,0,NA,"","2017-02-10 12:07:00"
2017,99,0,NA,"","2017-02-10 12:07:00"
2017,100,0,NA,"","2017-02-10 12:07:00"
2017,101,0,NA,"","2017-02-10 12:07:00"
2017,103,0,NA,"","2017-02-10 12:07:00"
2017,104,0,NA,"","2017-02-10 12:07:00"
2017,105,0,NA,"","2017-02-10 12:07:00"
2017,106,0,NA,"","2017-02-10 12:07:00"
2017,107,0,NA,"","2017-02-10 12:07:00"
2017,108,0,NA,"","2017-02-10 12:07:00"
2017,109,0,NA,"","2017-02-10 12:07:00"
2017,112,0,NA,"","2017-02-10 12:07:00"
2017,116,0,NA,"","2017-02-10 12:07:00"
2017,117,0,NA,"","2017-02-10 12:07:00"
2017,118,0,NA,"","2017-02-10 12:07:00"
2017,119,0,NA,"","2017-02-10 12:07:00"
2017,120,0,NA,"","2017-02-10 12:07:00"
2017,121,0,NA,"","2017-02-10 12:07:00"
2017,122,0,0.0374832663989291,"10th percentile","2017-02-10 12:07:00"
2017,123,0,NA,"","2017-02-10 12:07:00"
2017,124,0,NA,"","2017-02-10 12:07:00"
2017,125,0,6.7,"10th percentile","2017-02-10 12:07:00"
2017,126,0,NA,"","2017-02-10 12:07:00"
2017,127,0,269.3,"10th percentile","2017-02-10 12:07:00"
2017,128,0,36.8257960210177,"10th percentile","2017-02-10 12:07:00"
2017,129,0,4.67085097066122,"10th percentile","2017-02-10 12:07:00"
2017,131,0,0.00117192885702468,"90th percentile","2017-02-10 12:07:00"
2017,132,0,0.90602975724354,"90th percentile","2017-02-10 12:07:00"
2017,133,0,8.4,"90th percentile","2017-02-10 12:07:00"
2017,134,0,0.130434782608696,"10th percentile","2017-02-10 12:07:00"
2017,135,0,53.4957902006891,"10th percentile","2017-02-10 12:07:00"
2017,136,0,0.0924155513065647,"10th percentile","2017-02-10 12:07:00"
2017,137,0,0.151,"10th percentile","2017-02-10 12:07:00"
2017,138,0,8.89542161121501,"10th percentile","2017-02-10 12:07:00"
2017,139,0,0.102,"10th percentile","2017-02-10 12:07:00"
2017,140,0,22.063458709813,"90th percentile","2017-02-10 12:07:00"
2017,141,0,22.3052665075895,"10th percentile","2017-02-10 12:07:00"
2017,142,0,14.1847629591885,"10th percentile","2017-02-10 12:07:00"
2017,143,0,0.277,"10th percentile","2017-02-10 12:07:00"
2017,144,0,0.0901155993390749,"10th percentile","2017-02-10 12:07:00"
2017,145,0,0.0930474874748287,"10th percentile","2017-02-10 12:07:00"
2017,148,0,7,"10th percentile","2017-02-10 12:07:00"
2017,149,0,0.0929,"10th percentile","2017-02-10 12:07:00"
2018,1,0,5276.51180660974,"10th percentile","2018-01-18 13:59:00"
2018,2,0,0.121135382570424,"10th percentile","2018-01-18 13:59:00"
2018,3,0,0.0706344015696534,"10th percentile","2018-01-18 13:59:00"
2018,4,0,0.00096703522404409,"90th percentile","2018-01-18 13:59:00"
2018,5,0,34.935,"10th percentile","2018-01-18 13:59:00"
2018,6,0,NA,"","2018-01-18 13:59:00"
2018,7,0,0.905176832393644,"90th percentile","2018-01-18 13:59:00"
2018,8,0,NA,"","2018-01-18 13:59:00"
2018,9,0,0.138486094924885,"10th percentile","2018-01-18 13:59:00"
2018,10,0,NA,"","2018-01-18 13:59:00"
2018,11,0,0.259,"10th percentile","2018-01-18 13:59:00"
2018,13,0,NA,"","2018-01-18 13:59:00"
2018,14,0,15.1190919240789,"10th percentile","2018-01-18 13:59:00"
2018,15,0,1.97753520012656,"10th percentile","2018-01-18 13:59:00"
2018,16,0,NA,"","2018-01-18 13:59:00"
2018,17,0,NA,"","2018-01-18 13:59:00"
2018,18,0,NA,"","2018-01-18 13:59:00"
2018,19,0,NA,"","2018-01-18 13:59:00"
2018,20,0,NA,"","2018-01-18 13:59:00"
2018,21,0,0.946344339622642,"90th percentile","2018-01-18 13:59:00"
2018,23,0,0.0323683610667882,"10th percentile","2018-01-18 13:59:00"
2018,24,0,0.115,"10th percentile","2018-01-18 13:59:00"
2018,25,0,NA,"","2018-01-18 13:59:00"
2018,26,0,NA,"","2018-01-18 13:59:00"
2018,27,0,NA,"","2018-01-18 13:59:00"
2018,31,0,NA,"","2018-01-18 13:59:00"
2018,32,0,NA,"","2018-01-18 13:59:00"
2018,35,0,NA,"","2018-01-18 13:59:00"
2018,36,0,2.99000616514477,"10th percentile","2018-01-18 13:59:00"
2018,37,0,0.0594262295081967,"10th percentile","2018-01-18 13:59:00"
2018,39,0,8.70334873210671,"10th percentile","2018-01-18 13:59:00"
2018,42,0,3.12258235125967,"10th percentile","2018-01-18 13:59:00"
2018,43,0,62.1364403893884,"10th percentile","2018-01-18 13:59:00"
2018,44,0,3.73178822915597,"10th percentile","2018-01-18 13:59:00"
2018,45,0,145.1,"10th percentile","2018-01-18 13:59:00"
2018,47,0,NA,"","2018-01-18 13:59:00"
2018,49,0,0.131302410778893,"10th percentile","2018-01-18 13:59:00"
2018,50,0,0.705882352941177,"90th percentile","2018-01-18 13:59:00"
2018,51,0,NA,"","2018-01-18 13:59:00"
2018,52,0,NA,"","2018-01-18 13:59:00"
2018,53,0,NA,"","2018-01-18 13:59:00"
2018,54,0,NA,"","2018-01-18 13:59:00"
2018,55,0,NA,"","2018-01-18 13:59:00"
2018,56,0,NA,"","2018-01-18 13:59:00"
2018,57,0,NA,"","2018-01-18 13:59:00"
2018,58,0,NA,"","2018-01-18 13:59:00"
2018,59,0,NA,"","2018-01-18 13:59:00"
2018,60,0,0.083,"10th percentile","2018-01-18 13:59:00"
2018,61,0,48.8,"10th percentile","2018-01-18 13:59:00"
2018,62,0,0.00301314906679891,"90th percentile","2018-01-18 13:59:00"
2018,63,0,65112,"90th percentile","2018-01-18 13:59:00"
2018,65,0,0.329989969909729,"10th percentile","2018-01-18 13:59:00"
2018,67,0,0.716519947555722,"10th percentile","2018-01-18 13:59:00"
2018,69,0,0.721377912867275,"90th percentile","2018-01-18 13:59:00"
2018,70,0,0.201,"10th percentile","2018-01-18 13:59:00"
2018,80,0,NA,"","2018-01-18 13:59:00"
2018,81,0,NA,"","2018-01-18 13:59:00"
2018,82,0,0.204651162790698,"10th percentile","2018-01-18 13:59:00"
2018,83,0,0.0163248007632707,"10th percentile","2018-01-18 13:59:00"
2018,85,0,0.0606154691958874,"10th percentile","2018-01-18 13:59:00"
2018,86,0,NA,"","2018-01-18 13:59:00"
2018,88,0,0.000781173713504541,"90th percentile","2018-01-18 13:59:00"
2018,97,0,NA,"","2018-01-18 13:59:00"
2018,99,0,NA,"","2018-01-18 13:59:00"
2018,103,0,NA,"","2018-01-18 13:59:00"
2018,104,0,NA,"","2018-01-18 13:59:00"
2018,105,0,NA,"","2018-01-18 13:59:00"
2018,106,0,NA,"","2018-01-18 13:59:00"
2018,107,0,NA,"","2018-01-18 13:59:00"
2018,108,0,NA,"","2018-01-18 13:59:00"
2018,116,0,NA,"","2018-01-18 13:59:00"
2018,117,0,NA,"","2018-01-18 13:59:00"
2018,118,0,NA,"","2018-01-18 13:59:00"
2018,119,0,NA,"","2018-01-18 13:59:00"
2018,120,0,NA,"","2018-01-18 13:59:00"
2018,121,0,NA,"","2018-01-18 13:59:00"
2018,122,0,0.0308251167618059,"10th percentile","2018-01-18 13:59:00"
2018,123,0,NA,"","2018-01-18 13:59:00"
2018,124,0,NA,"","2018-01-18 13:59:00"
2018,125,0,6.7,"10th percentile","2018-01-18 13:59:00"
2018,126,0,NA,"","2018-01-18 13:59:00"
2018,127,0,270.4,"10th percentile","2018-01-18 13:59:00"
2018,128,0,37.2112803338383,"10th percentile","2018-01-18 13:59:00"
2018,129,0,4.46001911436763,"10th percentile","2018-01-18 13:59:00"
2018,131,0,0.00127815791496886,"90th percentile","2018-01-18 13:59:00"
2018,132,0,0.910539595414103,"90th percentile","2018-01-18 13:59:00"
2018,133,0,8.6,"90th percentile","2018-01-18 13:59:00"
2018,134,0,0.128205128205128,"10th percentile","2018-01-18 13:59:00"
2018,135,0,55.4160147135524,"10th percentile","2018-01-18 13:59:00"
2018,136,0,0.0929368029739777,"10th percentile","2018-01-18 13:59:00"
2018,137,0,0.152,"10th percentile","2018-01-18 13:59:00"
2018,138,0,9.52114964708272,"10th percentile","2018-01-18 13:59:00"
2018,139,0,0.095,"10th percentile","2018-01-18 13:59:00"
2018,140,0,22.0615271479348,"90th percentile","2018-01-18 13:59:00"
2018,141,0,22.6320065389013,"10th percentile","2018-01-18 13:59:00"
2018,142,0,14.3208265090985,"10th percentile","2018-01-18 13:59:00"
2018,143,0,0.274827731211249,"10th percentile","2018-01-18 13:59:00"
2018,144,0,0.0915376676242493,"10th percentile","2018-01-18 13:59:00"
2018,145,0,0.0980106770542021,"10th percentile","2018-01-18 13:59:00"
2018,146,0,5,"10th percentile","2018-01-18 13:59:00"
2018,148,0,7.32510999673372,"10th percentile","2018-01-18 13:59:00"
2018,149,0,0.0963,"10th percentile","2018-01-18 13:59:00"
2019,1,0,5443.0050153037,"10th percentile","2019-02-01 17:22:00"
2019,2,0,0.121135382570424,"10th percentile","2019-02-01 17:22:00"
2019,3,0,0.0644086030987381,"10th percentile","2019-02-01 17:22:00"
2019,4,0,0.000956119162640902,"90th percentile","2019-02-01 17:22:00"
2019,5,0,2765,"10th percentile","2019-02-01 17:22:00"
2019,8,0,NA,"","2019-02-01 17:22:00"
2019,9,0,0.138486094924885,"10th percentile","2019-02-01 17:22:00"
2019,10,0,NA,"","2019-02-01 17:22:00"
2019,11,0,0.264,"10th percentile","2019-02-01 17:22:00"
2019,13,0,NA,"","2019-02-01 17:22:00"
2019,14,0,13.828867761452,"10th percentile","2019-02-01 17:22:00"
2019,15,0,2,"10th percentile","2019-02-01 17:22:00"
2019,16,0,NA,"","2019-02-01 17:22:00"
2019,17,0,NA,"","2019-02-01 17:22:00"
2019,18,0,NA,"","2019-02-01 17:22:00"
2019,19,0,NA,"","2019-02-01 17:22:00"
2019,20,0,NA,"","2019-02-01 17:22:00"
2019,21,0,0.962162162162162,"90th percentile","2019-02-01 17:22:00"
2019,23,0,0.0288989383569926,"10th percentile","2019-02-01 17:22:00"
2019,24,0,0.112,"10th percentile","2019-02-01 17:22:00"
2019,25,0,NA,"","2019-02-01 17:22:00"
2019,26,0,NA,"","2019-02-01 17:22:00"
2019,27,0,NA,"","2019-02-01 17:22:00"
2019,31,0,NA,"","2019-02-01 17:22:00"
2019,32,0,NA,"","2019-02-01 17:22:00"
2019,35,0,NA,"","2019-02-01 17:22:00"
2019,36,0,2.99000616514477,"10th percentile","2019-02-01 17:22:00"
2019,37,0,0.0592361225272618,"10th percentile","2019-02-01 17:22:00"
2019,39,0,8.67360693107329,"10th percentile","2019-02-01 17:22:00"
2019,42,0,3.12258235125967,"10th percentile","2019-02-01 17:22:00"
2019,43,0,63.4853454660882,"10th percentile","2019-02-01 17:22:00"
2019,44,0,3.72403990858926,"10th percentile","2019-02-01 17:22:00"
2019,45,0,152.8,"10th percentile","2019-02-01 17:22:00"
2019,49,0,0.131302410778893,"10th percentile","2019-02-01 17:22:00"
2019,50,0,0.49,"90th percentile","2019-02-01 17:22:00"
2019,51,0,NA,"","2019-02-01 17:22:00"
2019,52,0,NA,"","2019-02-01 17:22:00"
2019,53,0,NA,"","2019-02-01 17:22:00"
2019,54,0,NA,"","2019-02-01 17:22:00"
2019,55,0,NA,"","2019-02-01 17:22:00"
2019,56,0,NA,"","2019-02-01 17:22:00"
2019,57,0,NA,"","2019-02-01 17:22:00"
2019,58,0,NA,"","2019-02-01 17:22:00"
2019,59,0,NA,"","2019-02-01 17:22:00"
2019,60,0,0.085,"10th percentile","2019-02-01 17:22:00"
2019,61,0,48.8,"10th percentile","2019-02-01 17:22:00"
2019,62,0,0.00323452487930179,"90th percentile","2019-02-01 17:22:00"
2019,63,0,67056,"90th percentile","2019-02-01 17:22:00"
2019,65,0,0.320435967302452,"10th percentile","2019-02-01 17:22:00"
2019,67,0,0.71885617214043,"10th percentile","2019-02-01 17:22:00"
2019,69,0,0.727321882504951,"90th percentile","2019-02-01 17:22:00"
2019,70,0,0.19,"10th percentile","2019-02-01 17:22:00"
2019,80,0,NA,"","2019-02-01 17:22:00"
2019,81,0,NA,"","2019-02-01 17:22:00"
2019,82,0,0.20366708610462,"10th percentile","2019-02-01 17:22:00"
2019,83,0,0.0163248007632707,"10th percentile","2019-02-01 17:22:00"
2019,85,0,0.0558618878823684,"10th percentile","2019-02-01 17:22:00"
2019,88,0,0.000795710000317308,"90th percentile","2019-02-01 17:22:00"
2019,97,0,NA,"","2019-02-01 17:22:00"
2019,99,0,NA,"","2019-02-01 17:22:00"
2019,100,0,NA,"","2019-02-01 17:22:00"
2019,101,0,NA,"","2019-02-01 17:22:00"
2019,103,0,NA,"","2019-02-01 17:22:00"
2019,104,0,NA,"","2019-02-01 17:22:00"
2019,105,0,NA,"","2019-02-01 17:22:00"
2019,106,0,NA,"","2019-02-01 17:22:00"
2019,107,0,NA,"","2019-02-01 17:22:00"
2019,108,0,NA,"","2019-02-01 17:22:00"
2019,109,0,NA,"","2019-02-01 17:22:00"
2019,116,0,NA,"","2019-02-01 17:22:00"
2019,117,0,NA,"","2019-02-01 17:22:00"
2019,118,0,NA,"","2019-02-01 17:22:00"
2019,119,0,NA,"","2019-02-01 17:22:00"
2019,120,0,NA,"","2019-02-01 17:22:00"
2019,121,0,NA,"","2019-02-01 17:22:00"
2019,122,0,0.0271285475792988,"10th percentile","2019-02-01 17:22:00"
2019,123,0,NA,"","2019-02-01 17:22:00"
2019,124,0,NA,"","2019-02-01 17:22:00"
2019,125,0,6.1,"10th percentile","2019-02-01 17:22:00"
2019,126,0,NA,"","2019-02-01 17:22:00"
2019,127,0,275.4,"10th percentile","2019-02-01 17:22:00"
2019,128,0,37.1810313736246,"10th percentile","2019-02-01 17:22:00"
2019,129,0,4.4121728558338,"10th percentile","2019-02-01 17:22:00"
2019,131,0,0.0013768794404362,"90th percentile","2019-02-01 17:22:00"
2019,132,0,0.912293322243079,"90th percentile","2019-02-01 17:22:00"
2019,133,0,8.7,"90th percentile","2019-02-01 17:22:00"
2019,134,0,0.125,"10th percentile","2019-02-01 17:22:00"
2019,135,0,57.0906599680292,"10th percentile","2019-02-01 17:22:00"
2019,136,0,0.0932025227750526,"10th percentile","2019-02-01 17:22:00"
2019,137,0,0.154,"10th percentile","2019-02-01 17:22:00"
2019,138,0,10.1041273788896,"10th percentile","2019-02-01 17:22:00"
2019,139,0,0.091,"10th percentile","2019-02-01 17:22:00"
2019,140,0,21.9129404797157,"90th percentile","2019-02-01 17:22:00"
2019,141,0,23.0448376831569,"10th percentile","2019-02-01 17:22:00"
2019,142,0,14.6596926229819,"10th percentile","2019-02-01 17:22:00"
2019,143,0,0.274827731211249,"10th percentile","2019-02-01 17:22:00"
2019,144,0,0.0915376676242493,"10th percentile","2019-02-01 17:22:00"
2019,145,0,0.0980106770542021,"10th percentile","2019-02-01 17:22:00"
2019,147,0,80.9855088595101,"90th percentile","2019-02-01 17:22:00"
2019,148,0,7.4,"10th percentile","2019-02-01 17:22:00"
2019,149,0,0.0432504780114723,"10th percentile","2019-02-01 17:22:00"
2019,150,0,NA,"","2019-02-01 17:22:00"
2019,153,0,0.608323831242873,"10th percentile","2019-02-01 17:22:00"
2019,154,0,0.0730550284629981,"10th percentile","2019-02-01 17:22:00"
2019,155,0,0.52,"90th percentile","2019-02-01 17:22:00"
2020,1,0,5487.66651069451,"10th percentile","2020-02-07 12:32:00"
2020,2,0,0.12480139151748,"10th percentile","2020-02-07 12:32:00"
2020,3,0,0.067643091154365,"10th percentile","2020-02-07 12:32:00"
2020,4,0,0.00097078810343306,"90th percentile","2020-02-07 12:32:00"
2020,5,0,2761,"10th percentile","2020-02-07 12:32:00"
2020,8,0,NA,"","2020-02-07 12:32:00"
2020,9,0,0.135603048562637,"10th percentile","2020-02-07 12:32:00"
2020,10,0,NA,"","2020-02-07 12:32:00"
2020,11,0,0.259,"10th percentile","2020-02-07 12:32:00"
2020,13,0,NA,"","2020-02-07 12:32:00"
2020,14,0,12.7992564121888,"10th percentile","2020-02-07 12:32:00"
2020,15,0,1.99586395577165,"10th percentile","2020-02-07 12:32:00"
2020,16,0,NA,"","2020-02-07 12:32:00"
2020,17,0,NA,"","2020-02-07 12:32:00"
2020,18,0,NA,"","2020-02-07 12:32:00"
2020,19,0,NA,"","2020-02-07 12:32:00"
2020,21,0,0.964265773310999,"90th percentile","2020-02-07 12:32:00"
2020,23,0,0.0261618280163373,"10th percentile","2020-02-07 12:32:00"
2020,24,0,0.108,"10th percentile","2020-02-07 12:32:00"
2020,25,0,NA,"","2020-02-07 12:32:00"
2020,26,0,NA,"","2020-02-07 12:32:00"
2020,27,0,NA,"","2020-02-07 12:32:00"
2020,31,0,NA,"","2020-02-07 12:32:00"
2020,32,0,NA,"","2020-02-07 12:32:00"
2020,35,0,NA,"","2020-02-07 12:32:00"
2020,36,0,3.10053531827317,"10th percentile","2020-02-07 12:32:00"
2020,37,0,0.0596914822266935,"10th percentile","2020-02-07 12:32:00"
2020,39,0,8.64655272255354,"10th percentile","2020-02-07 12:32:00"
2020,42,0,3.37201029381895,"10th percentile","2020-02-07 12:32:00"
2020,43,0,63.4853454660882,"10th percentile","2020-02-07 12:32:00"
2020,44,0,3.7070891749314,"10th percentile","2020-02-07 12:32:00"
2020,45,0,161.4,"10th percentile","2020-02-07 12:32:00"
2020,49,0,0.13336804581739,"10th percentile","2020-02-07 12:32:00"
2020,50,0,0.5,"90th percentile","2020-02-07 12:32:00"
2020,51,0,NA,"","2020-02-07 12:32:00"
2020,52,0,NA,"","2020-02-07 12:32:00"
2020,53,0,NA,"","2020-02-07 12:32:00"
2020,54,0,NA,"","2020-02-07 12:32:00"
2020,55,0,NA,"","2020-02-07 12:32:00"
2020,56,0,NA,"","2020-02-07 12:32:00"
2020,57,0,NA,"","2020-02-07 12:32:00"
2020,58,0,NA,"","2020-02-07 12:32:00"
2020,59,0,NA,"","2020-02-07 12:32:00"
2020,60,0,0.074,"10th percentile","2020-02-07 12:32:00"
2020,61,0,40.5,"10th percentile","2020-02-07 12:32:00"
2020,62,0,0.0035000853679358,"90th percentile","2020-02-07 12:32:00"
2020,63,0,69048,"90th percentile","2020-02-07 12:32:00"
2020,65,0,0.317999768177704,"10th percentile","2020-02-07 12:32:00"
2020,67,0,0.721333999500375,"10th percentile","2020-02-07 12:32:00"
2020,69,0,0.730458221024259,"90th percentile","2020-02-07 12:32:00"
2020,70,0,0.202,"10th percentile","2020-02-07 12:32:00"
2020,80,0,NA,"","2020-02-07 12:32:00"
2020,81,0,NA,"","2020-02-07 12:32:00"
2020,82,0,0.202489335864307,"10th percentile","2020-02-07 12:32:00"
2020,83,0,0.0163248007632707,"10th percentile","2020-02-07 12:32:00"
2020,85,0,0.0578389709719719,"10th percentile","2020-02-07 12:32:00"
2020,88,0,0.000805426027977957,"90th percentile","2020-02-07 12:32:00"
2020,97,0,NA,"","2020-02-07 12:32:00"
2020,99,0,NA,"","2020-02-07 12:32:00"
2020,100,0,NA,"","2020-02-07 12:32:00"
2020,101,0,NA,"","2020-02-07 12:32:00"
2020,103,0,NA,"","2020-02-07 12:32:00"
2020,104,0,NA,"","2020-02-07 12:32:00"
2020,105,0,NA,"","2020-02-07 12:32:00"
2020,106,0,NA,"","2020-02-07 12:32:00"
2020,107,0,NA,"","2020-02-07 12:32:00"
2020,109,0,NA,"","2020-02-07 12:32:00"
2020,116,0,NA,"","2020-02-07 12:32:00"
2020,117,0,NA,"","2020-02-07 12:32:00"
2020,118,0,NA,"","2020-02-07 12:32:00"
2020,119,0,NA,"","2020-02-07 12:32:00"
2020,120,0,NA,"","2020-02-07 12:32:00"
2020,122,0,0.027806925498426,"10th percentile","2020-02-07 12:32:00"
2020,123,0,NA,"","2020-02-07 12:32:00"
2020,124,0,NA,"","2020-02-07 12:32:00"
2020,125,0,6.1,"10th percentile","2020-02-07 12:32:00"
2020,126,0,NA,"","2020-02-07 12:32:00"
2020,127,0,274.963461103887,"10th percentile","2020-02-07 12:32:00"
2020,128,0,36.8068051693113,"10th percentile","2020-02-07 12:32:00"
2020,129,0,4.31070214706126,"10th percentile","2020-02-07 12:32:00"
2020,131,0,0.00150301318290711,"90th percentile","2020-02-07 12:32:00"
2020,132,0,0.913887867010989,"90th percentile","2020-02-07 12:32:00"
2020,133,0,8.6,"90th percentile","2020-02-07 12:32:00"
2020,134,0,0.111111111111111,"10th percentile","2020-02-07 12:32:00"
2020,135,0,57.9857347512677,"10th percentile","2020-02-07 12:32:00"
2020,136,0,0.09098658531114,"10th percentile","2020-02-07 12:32:00"
2020,137,0,0.156,"10th percentile","2020-02-07 12:32:00"
2020,138,0,10.404744563521,"10th percentile","2020-02-07 12:32:00"
2020,139,0,0.09,"10th percentile","2020-02-07 12:32:00"
2020,140,0,18.362662586075,"90th percentile","2020-02-07 12:32:00"
2020,141,0,23.1712216322997,"10th percentile","2020-02-07 12:32:00"
2020,142,0,13.8569382280011,"10th percentile","2020-02-07 12:32:00"
2020,143,0,0.274827731211249,"10th percentile","2020-02-07 12:32:00"
2020,144,0,0.0931363371538128,"10th percentile","2020-02-07 12:32:00"
2020,145,0,0.105269638812199,"10th percentile","2020-02-07 12:32:00"
2020,147,0,81.084405135808,"90th percentile","2020-02-07 12:32:00"
2020,148,0,7.67611812201385,"10th percentile","2020-02-07 12:32:00"
2020,149,0,0.0431823016379494,"10th percentile","2020-02-07 12:32:00"
2020,150,0,NA,"","2020-02-07 12:32:00"
2020,153,0,0.805194805194805,"90th percentile","2020-02-07 12:32:00"
2020,154,0,0.0726429675425039,"10th percentile","2020-02-07 12:32:00"
2020,155,0,0.53,"90th percentile","2020-02-07 12:32:00"
2020,156,0,NA,"10th percentile","2020-02-07 12:32:00"
2020,158,0,NA,"10th percentile","2020-02-07 12:32:00"
2020,159,0,3.38006064467683,"90th percentile","2020-02-07 12:32:00"
2020,160,0,3.39088005438246,"90th percentile","2020-02-07 12:32:00"
2020,161,0,11.1699194535062,"10th percentile","2020-02-07 12:32:00"
2021,1,0,5439.88891572699,"10th percentile","2021-02-24 16:59:00"
2021,2,0,0.139123792961462,"10th percentile","2021-02-24 16:59:00"
2021,3,0,0.0681343708483583,"10th percentile","2021-02-24 16:59:00"
2021,4,0,0.000967010079220441,"90th percentile","2021-02-24 16:59:00"
2021,5,0,2565,"10th percentile","2021-02-24 16:59:00"
2021,9,0,0.162264499261145,"10th percentile","2021-02-24 16:59:00"
2021,11,0,0.255,"10th percentile","2021-02-24 16:59:00"
2021,14,0,11.6404981050352,"10th percentile","2021-02-24 16:59:00"
2021,15,0,2.03100866650097,"10th percentile","2021-02-24 16:59:00"
2021,21,0,0.952348993288591,"90th percentile","2021-02-24 16:59:00"
2021,23,0,0.0259605399792316,"10th percentile","2021-02-24 16:59:00"
2021,24,0,0.101,"10th percentile","2021-02-24 16:59:00"
2021,36,0,3.36505912091107,"10th percentile","2021-02-24 16:59:00"
2021,37,0,0.0599435825105783,"10th percentile","2021-02-24 16:59:00"
2021,39,0,8.63491305369902,"10th percentile","2021-02-24 16:59:00"
2021,42,0,3.75566427219428,"10th percentile","2021-02-24 16:59:00"
2021,43,0,63.4853454660882,"10th percentile","2021-02-24 16:59:00"
2021,44,0,3.69725547557643,"10th percentile","2021-02-24 16:59:00"
2021,45,0,161.2,"10th percentile","2021-02-24 16:59:00"
2021,49,0,0.147653043195637,"10th percentile","2021-02-24 16:59:00"
2021,50,0,0.51,"90th percentile","2021-02-24 16:59:00"
2021,51,0,NA,"","2021-02-24 16:59:00"
2021,52,0,NA,"","2021-02-24 16:59:00"
2021,53,0,NA,"","2021-02-24 16:59:00"
2021,54,0,NA,"","2021-02-24 16:59:00"
2021,55,0,NA,"","2021-02-24 16:59:00"
2021,56,0,NA,"","2021-02-24 16:59:00"
2021,57,0,NA,"","2021-02-24 16:59:00"
2021,58,0,NA,"","2021-02-24 16:59:00"
2021,59,0,NA,"","2021-02-24 16:59:00"
2021,60,0,0.081,"10th percentile","2021-02-24 16:59:00"
2021,61,0,50.3,"10th percentile","2021-02-24 16:59:00"
2021,62,0,0.00368459837877671,"90th percentile","2021-02-24 16:59:00"
2021,63,0,72927,"90th percentile","2021-02-24 16:59:00"
2021,65,0,0.324172843970349,"10th percentile","2021-02-24 16:59:00"
2021,67,0,0.721749963359226,"10th percentile","2021-02-24 16:59:00"
2021,69,0,0.734375,"90th percentile","2021-02-24 16:59:00"
2021,70,0,0.193,"10th percentile","2021-02-24 16:59:00"
2021,80,0,NA,"","2021-02-24 16:59:00"
2021,81,0,NA,"","2021-02-24 16:59:00"
2021,82,0,0.138436482084691,"10th percentile","2021-02-24 16:59:00"
2021,83,0,0.0163248007632707,"10th percentile","2021-02-24 16:59:00"
2021,85,0,0.0584215167548501,"10th percentile","2021-02-24 16:59:00"
2021,88,0,0.000823803062609033,"90th percentile","2021-02-24 16:59:00"
2021,122,0,0.0294094394813819,"10th percentile","2021-02-24 16:59:00"
2021,124,0,NA,"","2021-02-24 16:59:00"
2021,125,0,5.2,"10th percentile","2021-02-24 16:59:00"
2021,126,0,NA,"","2021-02-24 16:59:00"
2021,127,0,275.961881835668,"10th percentile","2021-02-24 16:59:00"
2021,128,0,36.4403820166715,"10th percentile","2021-02-24 16:59:00"
2021,129,0,4.25558593488845,"10th percentile","2021-02-24 16:59:00"
2021,131,0,0.00160973415713846,"90th percentile","2021-02-24 16:59:00"
2021,132,0,0.913887867010989,"90th percentile","2021-02-24 16:59:00"
2021,133,0,8.7,"90th percentile","2021-02-24 16:59:00"
2021,134,0,0.111111111111111,"10th percentile","2021-02-24 16:59:00"
2021,135,0,58.7983323622297,"10th percentile","2021-02-24 16:59:00"
2021,136,0,0.0894804361770366,"10th percentile","2021-02-24 16:59:00"
2021,137,0,0.161,"10th percentile","2021-02-24 16:59:00"
2021,138,0,10.6463592582619,"10th percentile","2021-02-24 16:59:00"
2021,139,0,0.085,"10th percentile","2021-02-24 16:59:00"
2021,140,0,18.1956027293404,"90th percentile","2021-02-24 16:59:00"
2021,141,0,23.2333229478032,"10th percentile","2021-02-24 16:59:00"
2021,142,0,14.4757551121024,"10th percentile","2021-02-24 16:59:00"
2021,143,0,0.316067695637527,"10th percentile","2021-02-24 16:59:00"
2021,144,0,0.103120604943271,"10th percentile","2021-02-24 16:59:00"
2021,145,0,0.119679082084639,"10th percentile","2021-02-24 16:59:00"
2021,147,0,81.097773996233,"90th percentile","2021-02-24 16:59:00"
2021,148,0,7.74966371994929,"10th percentile","2021-02-24 16:59:00"
2021,149,0,0.0398546183732297,"10th percentile","2021-02-24 16:59:00"
2021,153,0,0.80672119487909,"90th percentile","2021-02-24 16:59:00"
2021,154,0,0.0697368421052632,"10th percentile","2021-02-24 16:59:00"
2021,155,0,0.55,"90th percentile","2021-02-24 16:59:00"
2021,156,0,NA,"10th percentile","2021-02-24 16:59:00"
2021,158,0,NA,"10th percentile","2021-02-24 16:59:00"
2021,159,0,3.331870762,"90th percentile","2021-02-24 16:59:00"
2021,160,0,3.375902908,"90th percentile","2021-02-24 16:59:00"
2021,161,0,11.3284985320398,"10th percentile","2021-02-24 16:59:00"
2021,166,0,0.856589147286822,"90th percentile","2021-02-24 16:59:00"
2021,168,0,0.935864621344448,"90th percentile","2021-02-24 16:59:00"
2022,1,0,5605.64497946382,"10th percentile","2022-04-01 15:30:00"
2022,2,0,0.145,"10th percentile","2022-04-01 15:30:00"
2022,3,0,0.0722549889521026,"10th percentile","2022-04-01 15:30:00"
2022,4,0,0.000992391663910023,"90th percentile","2022-04-01 15:30:00"
2022,5,0,2233,"10th percentile","2022-04-01 15:30:00"
2022,9,0,0.154,"10th percentile","2022-04-01 15:30:00"
2022,11,0,0.301,"10th percentile","2022-04-01 15:30:00"
2022,14,0,10.627821091506,"10th percentile","2022-04-01 15:30:00"
2022,15,0,2.08859948961224,"10th percentile","2022-04-01 15:30:00"
2022,21,0,0.957103538663172,"90th percentile","2022-04-01 15:30:00"
2022,23,0,0.0404710921,"10th percentile","2022-04-01 15:30:00"
2022,24,0,0.092,"10th percentile","2022-04-01 15:30:00"
2022,36,0,3.37347683424706,"10th percentile","2022-04-01 15:30:00"
2022,37,0,0.0600600600600601,"10th percentile","2022-04-01 15:30:00"
2022,39,0,8.69271260926257,"10th percentile","2022-04-01 15:30:00"
2022,42,0,4.01240392911918,"10th percentile","2022-04-01 15:30:00"
2022,43,0,63.4853454660882,"10th percentile","2022-04-01 15:30:00"
2022,44,0,3.65688202247191,"10th percentile","2022-04-01 15:30:00"
2022,45,0,161.8,"10th percentile","2022-04-01 15:30:00"
2022,49,0,0.147772150021703,"10th percentile","2022-04-01 15:30:00"
2022,50,0,0.52,"90th percentile","2022-04-01 15:30:00"
2022,51,0,NA,"","2022-04-01 15:30:00"
2022,52,0,NA,"","2022-04-01 15:30:00"
2022,53,0,NA,"","2022-04-01 15:30:00"
2022,54,0,NA,"","2022-04-01 15:30:00"
2022,55,0,NA,"","2022-04-01 15:30:00"
2022,56,0,NA,"","2022-04-01 15:30:00"
2022,57,0,NA,"","2022-04-01 15:30:00"
2022,58,0,NA,"","2022-04-01 15:30:00"
2022,59,0,NA,"","2022-04-01 15:30:00"
2022,60,0,0.081,"10th percentile","2022-04-01 15:30:00"
2022,61,0,37.8,"10th percentile","2022-04-01 15:30:00"
2022,62,0,0.00394862166191136,"90th percentile","2022-04-01 15:30:00"
2022,63,0,75078,"90th percentile","2022-04-01 15:30:00"
2022,65,0,0.318055897562177,"10th percentile","2022-04-01 15:30:00"
2022,67,0,0.717377860235003,"10th percentile","2022-04-01 15:30:00"
2022,69,0,0.738095238095238,"90th percentile","2022-04-01 15:30:00"
2022,70,0,0.228,"10th percentile","2022-04-01 15:30:00"
2022,80,0,NA,"","2022-04-01 15:30:00"
2022,81,0,NA,"","2022-04-01 15:30:00"
2022,82,0,0.135898684851437,"10th percentile","2022-04-01 15:30:00"
2022,83,0,0.0170003954166414,"10th percentile","2022-04-01 15:30:00"
2022,85,0,0.0627789962984216,"10th percentile","2022-04-01 15:30:00"
2022,88,0,0.000829571794558985,"90th percentile","2022-04-01 15:30:00"
2022,122,0,0.0318072289156626,"10th percentile","2022-04-01 15:30:00"
2022,124,0,NA,"","2022-04-01 15:30:00"
2022,125,0,5.9,"10th percentile","2022-04-01 15:30:00"
2022,126,0,NA,"","2022-04-01 15:30:00"
2022,127,0,286.109946408464,"10th percentile","2022-04-01 15:30:00"
2022,128,0,35.3491568534906,"10th percentile","2022-04-01 15:30:00"
2022,129,0,4.17050394384612,"10th percentile","2022-04-01 15:30:00"
2022,131,0,0.00172950536146662,"90th percentile","2022-04-01 15:30:00"
2022,132,0,0.860251068725556,"90th percentile","2022-04-01 15:30:00"
2022,133,0,8.8,"90th percentile","2022-04-01 15:30:00"
2022,134,0,0.101010101010101,"10th percentile","2022-04-01 15:30:00"
2022,135,0,61.0426077402027,"10th percentile","2022-04-01 15:30:00"
2022,136,0,0.0885572139303483,"10th percentile","2022-04-01 15:30:00"
2022,137,0,0.164,"10th percentile","2022-04-01 15:30:00"
2022,138,0,11.3611042700161,"10th percentile","2022-04-01 15:30:00"
2022,139,0,0.085,"10th percentile","2022-04-01 15:30:00"
2022,140,0,18.1338608638312,"90th percentile","2022-04-01 15:30:00"
2022,141,0,27.1373360827096,"10th percentile","2022-04-01 15:30:00"
2022,142,0,16.4821185055946,"10th percentile","2022-04-01 15:30:00"
2022,143,0,0.316067695637527,"10th percentile","2022-04-01 15:30:00"
2022,144,0,0.104,"10th percentile","2022-04-01 15:30:00"
2022,145,0,0.127,"10th percentile","2022-04-01 15:30:00"
2022,147,0,80.6224503201668,"90th percentile","2022-04-01 15:30:00"
2022,148,0,7.91051055154237,"10th percentile","2022-04-01 15:30:00"
2022,149,0,0.0416819684171869,"10th percentile","2022-04-01 15:30:00"
2022,151,0,0.876530138827756,"90th percentile","2022-04-01 15:30:00"
2022,153,0,0.810852976449487,"90th percentile","2022-04-01 15:30:00"
2022,154,0,0.0672026386312101,"10th percentile","2022-04-01 15:30:00"
2022,155,0,0.55,"90th percentile","2022-04-01 15:30:00"
2022,156,0,NA,"10th percentile","2022-04-01 15:30:00"
2022,158,0,NA,"10th percentile","2022-04-01 15:30:00"
2022,159,0,3.331870762,"90th percentile","2022-04-01 15:30:00"
2022,160,0,3.375902908,"90th percentile","2022-04-01 15:30:00"
2022,161,0,11.410100967672,"10th percentile","2022-04-01 15:30:00"
2022,166,0,0.881577828785174,"90th percentile","2022-04-01 15:30:00"
2022,167,0,0.0172446278024518,"10th percentile","2022-04-01 15:30:00"
2022,168,0,0.939729574223245,"90th percentile","2022-04-01 15:30:00"
2022,169,0,NA,"","2022-04-01 15:30:00"
2022,170,0,NA,"","2022-04-01 15:30:00"
2022,171,0,0.182613802133699,"10th percentile","2022-04-01 15:30:00"
2022,172,0,11.5546218487395,"90th percentile","2022-04-01 15:30:00"
2022,173,0,42.5894067310209,"10th percentile","2022-04-01 15:30:00"
2023,1,0,5605.64497946382,"10th percentile","2023-02-20 12:28:00"
2023,2,0,0.11,"10th percentile","2023-02-20 12:28:00"
2023,3,0,0.0722377877938848,"10th percentile","2023-02-20 12:28:00"
2023,4,0,0.00098516101225294,"90th percentile","2023-02-20 12:28:00"
2023,5,0,1666,"10th percentile","2023-02-20 12:28:00"
2023,9,0,0.151,"10th percentile","2023-02-20 12:28:00"
2023,11,0,0.301,"10th percentile","2023-02-20 12:28:00"
2023,14,0,10.627821091506,"10th percentile","2023-02-20 12:28:00"
2023,15,0,2.08859948961224,"10th percentile","2023-02-20 12:28:00"
2023,21,0,0.957509505703422,"90th percentile","2023-02-20 12:28:00"
2023,23,0,0.027773749093546,"10th percentile","2023-02-20 12:28:00"
2023,24,0,0.105,"10th percentile","2023-02-20 12:28:00"
2023,36,0,2.72816007615,"10th percentile","2023-02-20 12:28:00"
2023,37,0,0.0600600600600601,"10th percentile","2023-02-20 12:28:00"
2023,39,0,8.69271260926257,"10th percentile","2023-02-20 12:28:00"
2023,42,0,3.9523862512,"10th percentile","2023-02-20 12:28:00"
2023,44,0,3.66788684803327,"10th percentile","2023-02-20 12:28:00"
2023,45,0,152.4,"10th percentile","2023-02-20 12:28:00"
2023,49,0,0.151055944455,"10th percentile","2023-02-20 12:28:00"
2023,50,0,0.47,"90th percentile","2023-02-20 12:28:00"
2023,51,0,NA,"","2023-02-20 12:28:00"
2023,52,0,NA,"","2023-02-20 12:28:00"
2023,53,0,NA,"","2023-02-20 12:28:00"
2023,54,0,NA,"","2023-02-20 12:28:00"
2023,55,0,NA,"","2023-02-20 12:28:00"
2023,56,0,NA,"","2023-02-20 12:28:00"
2023,57,0,NA,"","2023-02-20 12:28:00"
2023,58,0,NA,"","2023-02-20 12:28:00"
2023,59,0,NA,"","2023-02-20 12:28:00"
2023,60,0,0.08,"10th percentile","2023-02-20 12:28:00"
2023,61,0,40.2,"10th percentile","2023-02-20 12:28:00"
2023,62,0,0.00411522633744856,"90th percentile","2023-02-20 12:28:00"
2023,63,0,77402.5,"90th percentile","2023-02-20 12:28:00"
2023,65,0,0.304347826086957,"10th percentile","2023-02-20 12:28:00"
2023,67,0,0.70777690494894,"10th percentile","2023-02-20 12:28:00"
2023,69,0,0.736269793545801,"90th percentile","2023-02-20 12:28:00"
2023,70,0,0.194,"10th percentile","2023-02-20 12:28:00"
2023,80,0,NA,"","2023-02-20 12:28:00"
2023,81,0,NA,"","2023-02-20 12:28:00"
2023,82,0,0.133354105000779,"10th percentile","2023-02-20 12:28:00"
2023,83,0,0.0170003954166414,"10th percentile","2023-02-20 12:28:00"
2023,85,0,0.0619174458150066,"10th percentile","2023-02-20 12:28:00"
2023,88,0,0.000833188682520396,"90th percentile","2023-02-20 12:28:00"
2023,122,0,0.0310028472002531,"10th percentile","2023-02-20 12:28:00"
2023,124,0,NA,"","2023-02-20 12:28:00"
2023,125,0,5,"10th percentile","2023-02-20 12:28:00"
2023,126,0,NA,"","2023-02-20 12:28:00"
2023,127,0,286.109946408464,"10th percentile","2023-02-20 12:28:00"
2023,128,0,35.3491568534906,"10th percentile","2023-02-20 12:28:00"
2023,129,0,4.17050394384612,"10th percentile","2023-02-20 12:28:00"
2023,131,0,0.00182414823655583,"90th percentile","2023-02-20 12:28:00"
2023,132,0,0.903347657413077,"90th percentile","2023-02-20 12:28:00"
2023,133,0,8.7,"90th percentile","2023-02-20 12:28:00"
2023,134,0,0.101010101010101,"10th percentile","2023-02-20 12:28:00"
2023,135,0,61.0426077402027,"10th percentile","2023-02-20 12:28:00"
2023,136,0,0.0857740585774059,"10th percentile","2023-02-20 12:28:00"
2023,137,0,0.166,"10th percentile","2023-02-20 12:28:00"
2023,138,0,11.3611042700161,"10th percentile","2023-02-20 12:28:00"
2023,139,0,0.078,"10th percentile","2023-02-20 12:28:00"
2023,140,0,17.669045191981,"90th percentile","2023-02-20 12:28:00"
2023,141,0,27.0532299149009,"10th percentile","2023-02-20 12:28:00"
2023,143,0,0.298,"10th percentile","2023-02-20 12:28:00"
2023,144,0,0.084,"10th percentile","2023-02-20 12:28:00"
2023,145,0,0.132,"10th percentile","2023-02-20 12:28:00"
2023,147,0,80.6224503201668,"90th percentile","2023-02-20 12:28:00"
2023,148,0,7.91051055154237,"10th percentile","2023-02-20 12:28:00"
2023,149,0,0.0427491157458227,"10th percentile","2023-02-20 12:28:00"
2023,151,0,0.885336577081086,"90th percentile","2023-02-20 12:28:00"
2023,153,0,0.817535281697966,"90th percentile","2023-02-20 12:28:00"
2023,154,0,0.0676737160120846,"10th percentile","2023-02-20 12:28:00"
2023,155,0,0.57,"90th percentile","2023-02-20 12:28:00"
2023,156,0,NA,"10th percentile","2023-02-20 12:28:00"
2023,158,0,NA,"10th percentile","2023-02-20 12:28:00"
2023,159,0,3.331870762,"90th percentile","2023-02-20 12:28:00"
2023,160,0,3.375902908,"90th percentile","2023-02-20 12:28:00"
2023,161,0,11.410100967672,"10th percentile","2023-02-20 12:28:00"
2023,166,0,0.895111916355264,"90th percentile","2023-02-20 12:28:00"
2023,167,0,0.0171179263925958,"10th percentile","2023-02-20 12:28:00"
2023,168,0,0.941801085428351,"90th percentile","2023-02-20 12:28:00"
2023,169,0,NA,"","2023-02-20 12:28:00"
2023,170,0,NA,"","2023-02-20 12:28:00"
2023,171,0,0.198754421830124,"10th percentile","2023-02-20 12:28:00"
2023,172,0,13.0445483632784,"90th percentile","2023-02-20 12:28:00"
2023,177,0,0.779769452449568,"90th percentile","2023-02-20 12:28:00"
2023,178,0,0.7245,"90th percentile","2023-02-20 12:28:00"
2024,1,0,5993.27443663561,"10th percentile","2024-03-04 12:11:00"
2024,2,0,0.126,"10th percentile","2024-03-04 12:11:00"
2024,3,0,0.0685459026494147,"10th percentile","2024-03-04 12:11:00"
2024,4,0,0.000966240821851627,"90th percentile","2024-03-04 12:11:00"
2024,5,0,1558,"10th percentile","2024-03-04 12:11:00"
2024,9,0,0.141,"10th percentile","2024-03-04 12:11:00"
2024,11,0,0.315,"10th percentile","2024-03-04 12:11:00"
2024,14,0,9.03189387524697,"10th percentile","2024-03-04 12:11:00"
2024,15,0,2.16922615267255,"10th percentile","2024-03-04 12:11:00"
2024,21,0,0.956224066390041,"90th percentile","2024-03-04 12:11:00"
2024,23,0,0.0227272727272727,"10th percentile","2024-03-04 12:11:00"
2024,24,0,0.099,"10th percentile","2024-03-04 12:11:00"
2024,36,0,3.0711246024,"10th percentile","2024-03-04 12:11:00"
2024,37,0,0.061128526645768,"10th percentile","2024-03-04 12:11:00"
2024,39,0,9.01246370716208,"10th percentile","2024-03-04 12:11:00"
2024,42,0,4.4183533554,"10th percentile","2024-03-04 12:11:00"
2024,44,0,3.70099542978777,"10th percentile","2024-03-04 12:11:00"
2024,45,0,151.7,"10th percentile","2024-03-04 12:11:00"
2024,49,0,0.13448135403,"10th percentile","2024-03-04 12:11:00"
2024,50,0,0.52,"90th percentile","2024-03-04 12:11:00"
2024,51,0,NA,"","2024-03-04 12:11:00"
2024,52,0,NA,"","2024-03-04 12:11:00"
2024,53,0,NA,"","2024-03-04 12:11:00"
2024,54,0,NA,"","2024-03-04 12:11:00"
2024,55,0,NA,"","2024-03-04 12:11:00"
2024,56,0,NA,"","2024-03-04 12:11:00"
2024,57,0,NA,"","2024-03-04 12:11:00"
2024,58,0,NA,"","2024-03-04 12:11:00"
2024,59,0,NA,"","2024-03-04 12:11:00"
2024,60,0,0.081,"10th percentile","2024-03-04 12:11:00"
2024,61,0,42.2,"10th percentile","2024-03-04 12:11:00"
2024,62,0,0.00434683486587127,"90th percentile","2024-03-04 12:11:00"
2024,63,0,83029,"90th percentile","2024-03-04 12:11:00"
2024,65,0,0.264278393738936,"10th percentile","2024-03-04 12:11:00"
2024,67,0,0.698085911417761,"10th percentile","2024-03-04 12:11:00"
2024,69,0,0.737174982431483,"90th percentile","2024-03-04 12:11:00"
2024,70,0,0.201,"10th percentile","2024-03-04 12:11:00"
2024,80,0,NA,"","2024-03-04 12:11:00"
2024,81,0,NA,"","2024-03-04 12:11:00"
2024,82,0,0.12987012987013,"10th percentile","2024-03-04 12:11:00"
2024,83,0,0.0170003954166414,"10th percentile","2024-03-04 12:11:00"
2024,85,0,0.0593733926694546,"10th percentile","2024-03-04 12:11:00"
2024,88,0,0.000847924357513264,"90th percentile","2024-03-04 12:11:00"
2024,122,0,0.0315678709224833,"10th percentile","2024-03-04 12:11:00"
2024,124,0,NA,"","2024-03-04 12:11:00"
2024,125,0,5,"10th percentile","2024-03-04 12:11:00"
2024,126,0,NA,"","2024-03-04 12:11:00"
2024,127,0,305.207358706387,"10th percentile","2024-03-04 12:11:00"
2024,128,0,37.2240036048509,"10th percentile","2024-03-04 12:11:00"
2024,129,0,4.11271896420411,"10th percentile","2024-03-04 12:11:00"
2024,131,0,0.00193798449612403,"90th percentile","2024-03-04 12:11:00"
2024,132,0,0.902846674762777,"90th percentile","2024-03-04 12:11:00"
2024,133,0,8.9,"90th percentile","2024-03-04 12:11:00"
2024,134,0,0.103448275862069,"10th percentile","2024-03-04 12:11:00"
2024,135,0,63.7393767705382,"10th percentile","2024-03-04 12:11:00"
2024,136,0,0.0838881491344873,"10th percentile","2024-03-04 12:11:00"
2024,137,0,0.171,"10th percentile","2024-03-04 12:11:00"
2024,138,0,12.8060773293771,"10th percentile","2024-03-04 12:11:00"
2024,139,0,0.071,"10th percentile","2024-03-04 12:11:00"
2024,140,0,18.0121655938109,"90th percentile","2024-03-04 12:11:00"
2024,141,0,26.2930487066591,"10th percentile","2024-03-04 12:11:00"
2024,143,0,0.298,"10th percentile","2024-03-04 12:11:00"
2024,144,0,0.093,"10th percentile","2024-03-04 12:11:00"
2024,145,0,0.143,"10th percentile","2024-03-04 12:11:00"
2024,147,0,79.8281348970135,"90th percentile","2024-03-04 12:11:00"
2024,148,0,8.11284508292705,"10th percentile","2024-03-04 12:11:00"
2024,149,0,0.042676939345872,"10th percentile","2024-03-04 12:11:00"
2024,151,0,0.884353741496599,"90th percentile","2024-03-04 12:11:00"
2024,153,0,0.81983286908078,"90th percentile","2024-03-04 12:11:00"
2024,154,0,0.0694925373134328,"10th percentile","2024-03-04 12:11:00"
2024,155,0,0.53,"90th percentile","2024-03-04 12:11:00"
2024,156,0,NA,"","2024-03-04 12:11:00"
2024,158,0,NA,"","2024-03-04 12:11:00"
2024,159,0,3.331870762,"90th percentile","2024-03-04 12:11:00"
2024,160,0,3.375902908,"90th percentile","2024-03-04 12:11:00"
2024,161,0,11.6463676566961,"10th percentile","2024-03-04 12:11:00"
2024,166,0,0.905320711907906,"90th percentile","2024-03-04 12:11:00"
2024,167,0,0.0160767792745722,"10th percentile","2024-03-04 12:11:00"
2024,168,0,0.942971025601717,"90th percentile","2024-03-04 12:11:00"
2024,169,0,NA,"","2024-03-04 12:11:00"
2024,170,0,NA,"","2024-03-04 12:11:00"
2024,171,0,0.202911477080878,"10th percentile","2024-03-04 12:11:00"
2024,172,0,13.0445483632784,"90th percentile","2024-03-04 12:11:00"
2024,177,0,0.779769452449568,"90th percentile","2024-03-04 12:11:00"
2024,178,0,0.7245,"90th percentile","2024-03-04 12:11:00"
2025,1,0,6214.05984520973,"10th percentile","2025-02-28 12:42:00"
2025,2,0,0.139,"10th percentile","2025-02-28 12:42:00"
2025,3,0,0.0634990943390257,"10th percentile","2025-02-28 12:42:00"
2025,4,0,0.000966240821851627,"90th percentile","2025-02-28 12:42:00"
2025,5,0,1596,"10th percentile","2025-02-28 12:42:00"
2025,9,0,0.132,"10th percentile","2025-02-28 12:42:00"
2025,11,0,0.319,"10th percentile","2025-02-28 12:42:00"
2025,14,0,8.38410796112594,"10th percentile","2025-02-28 12:42:00"
2025,15,0,2.27410182453355,"10th percentile","2025-02-28 12:42:00"
2025,21,0,0.955597014925373,"90th percentile","2025-02-28 12:42:00"
2025,23,0,0.0233372228704784,"10th percentile","2025-02-28 12:42:00"
2025,24,0,0.098,"10th percentile","2025-02-28 12:42:00"
2025,36,0,3.61767365214827,"10th percentile","2025-02-28 12:42:00"
2025,37,0,0.0616541353383459,"10th percentile","2025-02-28 12:42:00"
2025,39,0,9.02591081110703,"10th percentile","2025-02-28 12:42:00"
2025,42,0,4.86547550186423,"10th percentile","2025-02-28 12:42:00"
2025,44,0,3.70784825892162,"10th percentile","2025-02-28 12:42:00"
2025,45,0,142.3,"10th percentile","2025-02-28 12:42:00"
2025,49,0,0.157966968627453,"10th percentile","2025-02-28 12:42:00"
2025,50,0,0.53,"90th percentile","2025-02-28 12:42:00"
2025,51,0,NA,"","2025-02-28 12:42:00"
2025,52,0,NA,"","2025-02-28 12:42:00"
2025,53,0,NA,"","2025-02-28 12:42:00"
2025,54,0,NA,"","2025-02-28 12:42:00"
2025,55,0,NA,"","2025-02-28 12:42:00"
2025,56,0,NA,"","2025-02-28 12:42:00"
2025,57,0,NA,"","2025-02-28 12:42:00"
2025,58,0,NA,"","2025-02-28 12:42:00"
2025,59,0,NA,"","2025-02-28 12:42:00"
2025,60,0,0.085,"10th percentile","2025-02-28 12:42:00"
2025,61,0,47.1,"10th percentile","2025-02-28 12:42:00"
2025,62,0,0.00456730769230769,"90th percentile","2025-02-28 12:42:00"
2025,63,0,85765,"90th percentile","2025-02-28 12:42:00"
2025,65,0,0.321476851595109,"10th percentile","2025-02-28 12:42:00"
2025,67,0,0.686055113741446,"10th percentile","2025-02-28 12:42:00"
2025,69,0,0.740670220868241,"90th percentile","2025-02-28 12:42:00"
2025,70,0,0.2,"10th percentile","2025-02-28 12:42:00"
2025,80,0,NA,"","2025-02-28 12:42:00"
2025,81,0,NA,"","2025-02-28 12:42:00"
2025,82,0,NA,"","2025-02-28 12:42:00"
2025,83,0,0.0170003954166414,"10th percentile","2025-02-28 12:42:00"
2025,85,0,0.0558629386836933,"10th percentile","2025-02-28 12:42:00"
2025,88,0,0.000847924357513264,"90th percentile","2025-02-28 12:42:00"
2025,122,0,0.030440414507772,"10th percentile","2025-02-28 12:42:00"
2025,124,0,NA,"","2025-02-28 12:42:00"
2025,125,0,5.6,"10th percentile","2025-02-28 12:42:00"
2025,126,0,NA,"","2025-02-28 12:42:00"
2025,127,0,313.99602352031,"10th percentile","2025-02-28 12:42:00"
2025,128,0,37.7235595842267,"10th percentile","2025-02-28 12:42:00"
2025,129,0,4.20000164276033,"10th percentile","2025-02-28 12:42:00"
2025,131,0,0.00202634245187437,"90th percentile","2025-02-28 12:42:00"
2025,132,0,0.909225389994621,"90th percentile","2025-02-28 12:42:00"
2025,133,0,8.8,"90th percentile","2025-02-28 12:42:00"
2025,134,0,0.102040816326531,"10th percentile","2025-02-28 12:42:00"
2025,135,0,66.5554943409342,"10th percentile","2025-02-28 12:42:00"
2025,136,0,0.0836197021764032,"10th percentile","2025-02-28 12:42:00"
2025,137,0,0.174,"10th percentile","2025-02-28 12:42:00"
2025,138,0,14.4517246835918,"10th percentile","2025-02-28 12:42:00"
2025,139,0,0.101,"10th percentile","2025-02-28 12:42:00"
2025,140,0,17.9795371014205,"90th percentile","2025-02-28 12:42:00"
2025,141,0,27.0906368644499,"10th percentile","2025-02-28 12:42:00"
2025,143,0,0.318,"10th percentile","2025-02-28 12:42:00"
2025,144,0,0.107,"10th percentile","2025-02-28 12:42:00"
2025,145,0,0.157,"10th percentile","2025-02-28 12:42:00"
2025,147,0,79.4110592514606,"90th percentile","2025-02-28 12:42:00"
2025,148,0,8.37206045540965,"10th percentile","2025-02-28 12:42:00"
2025,149,0,0.0418622215029401,"10th percentile","2025-02-28 12:42:00"
2025,151,0,0.893088635753461,"90th percentile","2025-02-28 12:42:00"
2025,153,0,0.821537290715373,"90th percentile","2025-02-28 12:42:00"
2025,154,0,0.0714840714840715,"10th percentile","2025-02-28 12:42:00"
2025,155,0,0.54,"90th percentile","2025-02-28 12:42:00"
2025,156,0,NA,"","2025-02-28 12:42:00"
2025,159,0,3.326973,"90th percentile","2025-02-28 12:42:00"
2025,160,0,3.380058,"90th percentile","2025-02-28 12:42:00"
2025,161,0,11.7096174358082,"10th percentile","2025-02-28 12:42:00"
2025,166,0,0.917902264600715,"90th percentile","2025-02-28 12:42:00"
2025,167,0,0.0161407657068429,"10th percentile","2025-02-28 12:42:00"
2025,168,0,0.946328037032403,"90th percentile","2025-02-28 12:42:00"
2025,169,0,NA,"","2025-02-28 12:42:00"
2025,170,0,NA,"","2025-02-28 12:42:00"
2025,171,0,0.201190112908148,"10th percentile","2025-02-28 12:42:00"
2025,172,0,13.0445483632784,"90th percentile","2025-02-28 12:42:00"
2025,177,0,0.779769452449568,"90th percentile","2025-02-28 12:42:00"
2025,178,0,0.7245,"90th percentile","2025-02-28 12:42:00"
2025,179,0,0.620473201352004,"90th percentile","2025-02-28 12:42:00"
2025,180,0,NA,"","2025-02-28 12:42:00"
2025,181,0,4.76734104046243,"90th percentile","2025-02-28 12:42:00"
2025,182,0,0,"10th percentile","2025-02-28 12:42:00"
2025,183,0,0.312,"10th percentile","2025-02-28 12:42:00"
2025,184,0,0.213,"10th percentile","2025-02-28 12:42:00"
