"year","state_fips","total_counties","ranked_counties","range_1_min","range_1_max","range_2_min","range_2_max","range_3_min","range_3_max","range_4_min","range_4_max","range_5_min","range_5_max","not_ranked_min","not_ranked_max","last_updated"
2010,"01",67,67,1,17,18,34,35,50,51,67,NA,NA,NA,NA,"2015-07-27 14:13:00"
2010,"02",27,22,1,6,7,11,12,16,17,22,NA,NA,999,999,"2015-07-27 14:13:00"
2010,"04",15,15,1,4,5,8,9,11,12,15,NA,NA,NA,NA,"2015-07-27 14:13:00"
2010,"05",75,75,1,19,20,38,39,56,57,75,NA,NA,NA,NA,"2015-07-27 14:13:00"
2010,"06",58,56,1,14,15,28,29,42,43,56,NA,NA,999,999,"2015-07-27 14:13:00"
2010,"08",64,56,1,14,15,28,29,42,43,56,NA,NA,999,999,"2015-07-27 14:13:00"
2010,"09",8,8,1,2,3,4,5,6,7,8,NA,NA,NA,NA,"2015-07-27 14:13:00"
2010,"10",3,3,1,1,2,2,3,3,NA,NA,NA,NA,NA,NA,"2015-07-27 14:13:00"
2010,"11",1,1,1,1,NA,NA,NA,NA,NA,NA,NA,NA,NA,NA,"2015-07-27 14:13:00"
2010,"12",67,67,1,17,18,34,35,50,51,67,NA,NA,NA,NA,"2015-07-27 14:13:00"
2010,"13",159,157,1,39,40,78,79,118,119,157,NA,NA,999,999,"2015-07-27 14:13:00"
2010,"15",5,4,1,1,2,2,3,3,4,4,NA,NA,999,999,"2015-07-27 14:13:00"
2010,"16",44,42,1,10,11,21,22,32,33,42,NA,NA,999,999,"2015-07-27 14:13:00"
2010,"17",102,101,1,25,26,50,51,76,77,101,NA,NA,999,999,"2015-07-27 14:13:00"
2010,"18",92,92,1,23,24,46,47,69,70,92,NA,NA,NA,NA,"2015-07-27 14:13:00"
2010,"19",99,99,1,25,26,50,51,74,75,99,NA,NA,NA,NA,"2015-07-27 14:13:00"
2010,"20",105,99,1,25,26,50,51,74,75,99,NA,NA,999,999,"2015-07-27 14:13:00"
2010,"21",120,120,1,30,31,60,61,90,91,120,NA,NA,NA,NA,"2015-07-27 14:13:00"
2010,"22",64,64,1,16,17,32,33,48,49,64,NA,NA,NA,NA,"2015-07-27 14:13:00"
2010,"23",16,16,1,4,5,8,9,12,13,16,NA,NA,NA,NA,"2015-07-27 14:13:00"
2010,"24",24,24,1,6,7,12,13,18,19,24,NA,NA,NA,NA,"2015-07-27 14:13:00"
2010,"25",14,14,1,4,5,7,8,10,11,14,NA,NA,NA,NA,"2015-07-27 14:13:00"
2010,"26",83,82,1,20,21,41,42,62,63,82,NA,NA,999,999,"2015-07-27 14:13:00"
2010,"27",87,85,1,21,22,42,43,64,65,85,NA,NA,999,999,"2015-07-27 14:13:00"
2010,"28",82,81,1,20,21,40,41,61,62,81,NA,NA,999,999,"2015-07-27 14:13:00"
2010,"29",115,115,1,29,30,58,59,86,87,115,NA,NA,NA,NA,"2015-07-27 14:13:00"
2010,"30",56,44,1,11,12,22,23,33,34,44,NA,NA,999,999,"2015-07-27 14:13:00"
2010,"31",93,75,1,19,20,38,39,56,57,75,NA,NA,999,999,"2015-07-27 14:13:00"
2010,"32",17,15,1,4,5,8,9,11,12,15,NA,NA,999,999,"2015-07-27 14:13:00"
2010,"33",10,10,1,2,3,5,6,8,9,10,NA,NA,NA,NA,"2015-07-27 14:13:00"
2010,"34",21,21,1,5,6,10,11,16,17,21,NA,NA,NA,NA,"2015-07-27 14:13:00"
2010,"35",33,32,1,8,9,16,17,24,25,32,NA,NA,999,999,"2015-07-27 14:13:00"
2010,"36",62,62,1,16,17,31,32,46,47,62,NA,NA,NA,NA,"2015-07-27 14:13:00"
2010,"37",100,100,1,25,26,50,51,75,76,100,NA,NA,NA,NA,"2015-07-27 14:13:00"
2010,"38",53,44,1,11,12,22,23,33,34,44,NA,NA,999,999,"2015-07-27 14:13:00"
2010,"39",88,88,1,22,23,44,45,66,67,88,NA,NA,NA,NA,"2015-07-27 14:13:00"
2010,"40",77,77,1,19,20,38,39,58,59,77,NA,NA,NA,NA,"2015-07-27 14:13:00"
2010,"41",36,33,1,8,9,16,17,25,26,33,NA,NA,999,999,"2015-07-27 14:13:00"
2010,"42",67,67,1,17,18,34,35,50,51,67,NA,NA,NA,NA,"2015-07-27 14:13:00"
2010,"44",5,5,1,1,2,2,3,3,4,4,5,5,NA,NA,"2015-07-27 14:13:00"
2010,"45",46,46,1,12,13,23,24,34,35,46,NA,NA,NA,NA,"2015-07-27 14:13:00"
2010,"46",66,57,1,14,15,28,29,43,44,57,NA,NA,999,999,"2015-07-27 14:13:00"
2010,"47",95,95,1,24,25,48,49,71,72,95,NA,NA,NA,NA,"2015-07-27 14:13:00"
2010,"48",254,221,1,55,56,110,111,166,167,221,NA,NA,999,999,"2015-07-27 14:13:00"
2010,"49",29,25,1,6,7,12,13,19,20,25,NA,NA,999,999,"2015-07-27 14:13:00"
2010,"50",14,14,1,4,5,7,8,10,11,14,NA,NA,NA,NA,"2015-07-27 14:13:00"
2010,"51",134,132,1,33,34,66,67,99,100,132,NA,NA,999,999,"2015-07-27 14:13:00"
2010,"53",39,39,1,10,11,20,21,29,30,39,NA,NA,NA,NA,"2015-07-27 14:13:00"
2010,"54",55,55,1,14,15,28,29,41,42,55,NA,NA,NA,NA,"2015-07-27 14:13:00"
2010,"55",72,72,1,18,19,36,37,54,55,72,NA,NA,NA,NA,"2015-07-27 14:13:00"
2010,"56",23,23,1,6,7,12,13,17,18,23,NA,NA,NA,NA,"2015-07-27 14:13:00"
2011,"01",67,67,1,17,18,34,35,50,51,67,NA,NA,NA,NA,"2015-07-27 14:13:00"
2011,"02",27,23,1,6,7,12,13,17,18,23,NA,NA,999,999,"2015-07-27 14:13:00"
2011,"04",15,15,1,4,5,8,9,11,12,15,NA,NA,NA,NA,"2015-07-27 14:13:00"
2011,"05",75,75,1,19,20,38,39,56,57,75,NA,NA,NA,NA,"2015-07-27 14:13:00"
2011,"06",58,56,1,14,15,28,29,42,43,56,NA,NA,999,999,"2015-07-27 14:13:00"
2011,"08",64,57,1,14,15,28,29,43,44,57,NA,NA,999,999,"2015-07-27 14:13:00"
2011,"09",8,8,1,2,3,4,5,6,7,8,NA,NA,NA,NA,"2015-07-27 14:13:00"
2011,"10",3,3,1,1,2,2,3,3,NA,NA,NA,NA,NA,NA,"2015-07-27 14:13:00"
2011,"11",1,1,1,1,NA,NA,NA,NA,NA,NA,NA,NA,NA,NA,"2015-07-27 14:13:00"
2011,"12",67,67,1,17,18,34,35,50,51,67,NA,NA,NA,NA,"2015-07-27 14:13:00"
2011,"13",159,156,1,39,40,78,79,117,118,156,NA,NA,999,999,"2015-07-27 14:13:00"
2011,"15",5,4,1,1,2,2,3,3,4,4,NA,NA,999,999,"2015-07-27 14:13:00"
2011,"16",44,42,1,10,11,21,22,32,33,42,NA,NA,999,999,"2015-07-27 14:13:00"
2011,"17",102,102,1,26,27,51,52,76,77,102,NA,NA,NA,NA,"2015-07-27 14:13:00"
2011,"18",92,92,1,23,24,46,47,69,70,92,NA,NA,NA,NA,"2015-07-27 14:13:00"
2011,"19",99,99,1,25,26,50,51,74,75,99,NA,NA,NA,NA,"2015-07-27 14:13:00"
2011,"20",105,98,1,24,25,49,50,74,75,98,NA,NA,999,999,"2015-07-27 14:13:00"
2011,"21",120,120,1,30,31,60,61,90,91,120,NA,NA,NA,NA,"2015-07-27 14:13:00"
2011,"22",64,64,1,16,17,32,33,48,49,64,NA,NA,NA,NA,"2015-07-27 14:13:00"
2011,"23",16,16,1,4,5,8,9,12,13,16,NA,NA,NA,NA,"2015-07-27 14:13:00"
2011,"24",24,24,1,6,7,12,13,18,19,24,NA,NA,NA,NA,"2015-07-27 14:13:00"
2011,"25",14,14,1,4,5,7,8,10,11,14,NA,NA,NA,NA,"2015-07-27 14:13:00"
2011,"26",83,82,1,20,21,41,42,62,63,82,NA,NA,999,999,"2015-07-27 14:13:00"
2011,"27",87,85,1,21,22,42,43,64,65,85,NA,NA,999,999,"2015-07-27 14:13:00"
2011,"28",82,81,1,20,21,40,41,61,62,81,NA,NA,999,999,"2015-07-27 14:13:00"
2011,"29",115,114,1,28,29,57,58,86,87,114,NA,NA,999,999,"2015-07-27 14:13:00"
2011,"30",56,45,1,11,12,22,23,34,35,45,NA,NA,999,999,"2015-07-27 14:13:00"
2011,"31",93,75,1,19,20,38,39,56,57,75,NA,NA,999,999,"2015-07-27 14:13:00"
2011,"32",17,15,1,4,5,8,9,11,12,15,NA,NA,999,999,"2015-07-27 14:13:00"
2011,"33",10,10,1,2,3,5,6,8,9,10,NA,NA,NA,NA,"2015-07-27 14:13:00"
2011,"34",21,21,1,5,6,10,11,16,17,21,NA,NA,NA,NA,"2015-07-27 14:13:00"
2011,"35",33,32,1,8,9,16,17,24,25,32,NA,NA,999,999,"2015-07-27 14:13:00"
2011,"36",62,62,1,16,17,31,32,46,47,62,NA,NA,NA,NA,"2015-07-27 14:13:00"
2011,"37",100,100,1,25,26,50,51,75,76,100,NA,NA,NA,NA,"2015-07-27 14:13:00"
2011,"38",53,42,1,10,11,21,22,32,33,42,NA,NA,999,999,"2015-07-27 14:13:00"
2011,"39",88,88,1,22,23,44,45,66,67,88,NA,NA,NA,NA,"2015-07-27 14:13:00"
2011,"40",77,77,1,19,20,38,39,58,59,77,NA,NA,NA,NA,"2015-07-27 14:13:00"
2011,"41",36,33,1,8,9,16,17,25,26,33,NA,NA,999,999,"2015-07-27 14:13:00"
2011,"42",67,67,1,17,18,34,35,50,51,67,NA,NA,NA,NA,"2015-07-27 14:13:00"
2011,"44",5,5,1,1,2,2,3,3,4,4,5,5,NA,NA,"2015-07-27 14:13:00"
2011,"45",46,46,1,12,13,23,24,34,35,46,NA,NA,NA,NA,"2015-07-27 14:13:00"
2011,"46",66,55,1,14,15,28,29,41,42,55,NA,NA,999,999,"2015-07-27 14:13:00"
2011,"47",95,95,1,24,25,48,49,71,72,95,NA,NA,NA,NA,"2015-07-27 14:13:00"
2011,"48",254,223,1,56,57,112,113,167,168,223,NA,NA,999,999,"2015-07-27 14:13:00"
2011,"49",29,26,1,6,7,13,14,20,21,26,NA,NA,999,999,"2015-07-27 14:13:00"
2011,"50",14,14,1,4,5,7,8,10,11,14,NA,NA,NA,NA,"2015-07-27 14:13:00"
2011,"51",134,132,1,33,34,66,67,99,100,132,NA,NA,999,999,"2015-07-27 14:13:00"
2011,"53",39,39,1,10,11,20,21,29,30,39,NA,NA,NA,NA,"2015-07-27 14:13:00"
2011,"54",55,55,1,14,15,28,29,41,42,55,NA,NA,NA,NA,"2015-07-27 14:13:00"
2011,"55",72,72,1,18,19,36,37,54,55,72,NA,NA,NA,NA,"2015-07-27 14:13:00"
2011,"56",23,23,1,6,7,12,13,17,18,23,NA,NA,NA,NA,"2015-07-27 14:13:00"
2012,"01",67,67,1,17,18,34,35,50,51,67,NA,NA,NA,NA,"2015-07-27 14:13:00"
2012,"02",27,23,1,6,7,12,13,17,18,23,NA,NA,999,999,"2015-07-27 14:13:00"
2012,"04",15,15,1,4,5,8,9,11,12,15,NA,NA,NA,NA,"2015-07-27 14:13:00"
2012,"05",75,75,1,19,20,38,39,56,57,75,NA,NA,NA,NA,"2015-07-27 14:13:00"
2012,"06",58,56,1,14,15,28,29,42,43,56,NA,NA,999,999,"2015-07-27 14:13:00"
2012,"08",64,59,1,15,16,30,31,44,45,59,NA,NA,999,999,"2015-07-27 14:13:00"
2012,"09",8,8,1,2,3,4,5,6,7,8,NA,NA,NA,NA,"2015-07-27 14:13:00"
2012,"10",3,3,1,1,2,2,3,3,NA,NA,NA,NA,NA,NA,"2015-07-27 14:13:00"
2012,"11",1,1,1,1,NA,NA,NA,NA,NA,NA,NA,NA,NA,NA,"2015-07-27 14:13:00"
2012,"12",67,67,1,17,18,34,35,50,51,67,NA,NA,NA,NA,"2015-07-27 14:13:00"
2012,"13",159,156,1,39,40,78,79,117,118,156,NA,NA,999,999,"2015-07-27 14:13:00"
2012,"15",5,4,1,1,2,2,3,3,4,4,NA,NA,999,999,"2015-07-27 14:13:00"
2012,"16",44,42,1,10,11,21,22,32,33,42,NA,NA,999,999,"2015-07-27 14:13:00"
2012,"17",102,102,1,26,27,51,52,76,77,102,NA,NA,NA,NA,"2015-07-27 14:13:00"
2012,"18",92,92,1,23,24,46,47,69,70,92,NA,NA,NA,NA,"2015-07-27 14:13:00"
2012,"19",99,99,1,25,26,50,51,74,75,99,NA,NA,NA,NA,"2015-07-27 14:13:00"
2012,"20",105,100,1,25,26,50,51,75,76,100,NA,NA,999,999,"2015-07-27 14:13:00"
2012,"21",120,120,1,30,31,60,61,90,91,120,NA,NA,NA,NA,"2015-07-27 14:13:00"
2012,"22",64,64,1,16,17,32,33,48,49,64,NA,NA,NA,NA,"2015-07-27 14:13:00"
2012,"23",16,16,1,4,5,8,9,12,13,16,NA,NA,NA,NA,"2015-07-27 14:13:00"
2012,"24",24,24,1,6,7,12,13,18,19,24,NA,NA,NA,NA,"2015-07-27 14:13:00"
2012,"25",14,14,1,4,5,7,8,10,11,14,NA,NA,NA,NA,"2015-07-27 14:13:00"
2012,"26",83,82,1,20,21,41,42,62,63,82,NA,NA,999,999,"2015-07-27 14:13:00"
2012,"27",87,84,1,21,22,42,43,63,64,84,NA,NA,999,999,"2015-07-27 14:13:00"
2012,"28",82,82,1,20,21,41,42,62,63,82,NA,NA,NA,NA,"2015-07-27 14:13:00"
2012,"29",115,115,1,29,30,58,59,86,87,115,NA,NA,NA,NA,"2015-07-27 14:13:00"
2012,"30",56,47,1,12,13,24,25,35,36,47,NA,NA,999,999,"2015-07-27 14:13:00"
2012,"31",93,79,1,20,21,40,41,59,60,79,NA,NA,999,999,"2015-07-27 14:13:00"
2012,"32",17,16,1,4,5,8,9,12,13,16,NA,NA,999,999,"2015-07-27 14:13:00"
2012,"33",10,10,1,2,3,5,6,8,9,10,NA,NA,NA,NA,"2015-07-27 14:13:00"
2012,"34",21,21,1,5,6,10,11,16,17,21,NA,NA,NA,NA,"2015-07-27 14:13:00"
2012,"35",33,32,1,8,9,16,17,24,25,32,NA,NA,999,999,"2015-07-27 14:13:00"
2012,"36",62,62,1,16,17,31,32,46,47,62,NA,NA,NA,NA,"2015-07-27 14:13:00"
2012,"37",100,100,1,25,26,50,51,75,76,100,NA,NA,NA,NA,"2015-07-27 14:13:00"
2012,"38",53,46,1,12,13,23,24,34,35,46,NA,NA,999,999,"2015-07-27 14:13:00"
2012,"39",88,88,1,22,23,44,45,66,67,88,NA,NA,NA,NA,"2015-07-27 14:13:00"
2012,"40",77,77,1,19,20,38,39,58,59,77,NA,NA,NA,NA,"2015-07-27 14:13:00"
2012,"41",36,33,1,8,9,16,17,25,26,33,NA,NA,999,999,"2015-07-27 14:13:00"
2012,"42",67,67,1,17,18,34,35,50,51,67,NA,NA,NA,NA,"2015-07-27 14:13:00"
2012,"44",5,5,1,1,2,2,3,3,4,4,5,5,NA,NA,"2015-07-27 14:13:00"
2012,"45",46,46,1,12,13,23,24,34,35,46,NA,NA,NA,NA,"2015-07-27 14:13:00"
2012,"46",66,59,1,15,16,30,31,44,45,59,NA,NA,999,999,"2015-07-27 14:13:00"
2012,"47",95,95,1,24,25,48,49,71,72,95,NA,NA,NA,NA,"2015-07-27 14:13:00"
2012,"48",254,221,1,55,56,110,111,166,167,221,NA,NA,999,999,"2015-07-27 14:13:00"
2012,"49",29,26,1,6,7,13,14,20,21,26,NA,NA,999,999,"2015-07-27 14:13:00"
2012,"50",14,14,1,4,5,7,8,10,11,14,NA,NA,NA,NA,"2015-07-27 14:13:00"
2012,"51",134,131,1,33,34,66,67,98,99,131,NA,NA,999,999,"2015-07-27 14:13:00"
2012,"53",39,39,1,10,11,20,21,29,30,39,NA,NA,NA,NA,"2015-07-27 14:13:00"
2012,"54",55,55,1,14,15,28,29,41,42,55,NA,NA,NA,NA,"2015-07-27 14:13:00"
2012,"55",72,72,1,18,19,36,37,54,55,72,NA,NA,NA,NA,"2015-07-27 14:13:00"
2012,"56",23,23,1,6,7,12,13,17,18,23,NA,NA,NA,NA,"2015-07-27 14:13:00"
2013,"01",67,67,1,17,18,34,35,50,51,67,NA,NA,NA,NA,"2015-07-27 14:13:00"
2013,"02",27,23,1,6,7,12,13,17,18,23,NA,NA,999,999,"2015-07-27 14:13:00"
2013,"04",15,15,1,4,5,8,9,11,12,15,NA,NA,NA,NA,"2015-07-27 14:13:00"
2013,"05",75,75,1,19,20,38,39,56,57,75,NA,NA,NA,NA,"2015-07-27 14:13:00"
2013,"06",58,57,1,14,15,28,29,43,44,57,NA,NA,999,999,"2015-07-27 14:13:00"
2013,"08",64,59,1,15,16,30,31,44,45,59,NA,NA,999,999,"2015-07-27 14:13:00"
2013,"09",8,8,1,2,3,4,5,6,7,8,NA,NA,NA,NA,"2015-07-27 14:13:00"
2013,"10",3,3,1,1,2,2,3,3,NA,NA,NA,NA,NA,NA,"2015-07-27 14:13:00"
2013,"11",1,1,1,1,NA,NA,NA,NA,NA,NA,NA,NA,NA,NA,"2015-07-27 14:13:00"
2013,"12",67,67,1,17,18,34,35,50,51,67,NA,NA,NA,NA,"2015-07-27 14:13:00"
2013,"13",159,159,1,40,41,80,81,119,120,159,NA,NA,NA,NA,"2015-07-27 14:13:00"
2013,"15",5,4,1,1,2,2,3,3,4,4,NA,NA,999,999,"2015-07-27 14:13:00"
2013,"16",44,42,1,10,11,21,22,32,33,42,NA,NA,999,999,"2015-07-27 14:13:00"
2013,"17",102,102,1,26,27,51,52,76,77,102,NA,NA,NA,NA,"2015-07-27 14:13:00"
2013,"18",92,92,1,23,24,46,47,69,70,92,NA,NA,NA,NA,"2015-07-27 14:13:00"
2013,"19",99,99,1,25,26,50,51,74,75,99,NA,NA,NA,NA,"2015-07-27 14:13:00"
2013,"20",105,102,1,26,27,51,52,76,77,102,NA,NA,999,999,"2015-07-27 14:13:00"
2013,"21",120,120,1,30,31,60,61,90,91,120,NA,NA,NA,NA,"2015-07-27 14:13:00"
2013,"22",64,64,1,16,17,32,33,48,49,64,NA,NA,NA,NA,"2015-07-27 14:13:00"
2013,"23",16,16,1,4,5,8,9,12,13,16,NA,NA,NA,NA,"2015-07-27 14:13:00"
2013,"24",24,24,1,6,7,12,13,18,19,24,NA,NA,NA,NA,"2015-07-27 14:13:00"
2013,"25",14,14,1,4,5,7,8,10,11,14,NA,NA,NA,NA,"2015-07-27 14:13:00"
2013,"26",83,82,1,20,21,41,42,62,63,82,NA,NA,999,999,"2015-07-27 14:13:00"
2013,"27",87,87,1,22,23,44,45,65,66,87,NA,NA,NA,NA,"2015-07-27 14:13:00"
2013,"28",82,81,1,20,21,40,41,61,62,81,NA,NA,999,999,"2015-07-27 14:13:00"
2013,"29",115,115,1,29,30,58,59,86,87,115,NA,NA,NA,NA,"2015-07-27 14:13:00"
2013,"30",56,46,1,12,13,23,24,34,35,46,NA,NA,999,999,"2015-07-27 14:13:00"
2013,"31",93,79,1,20,21,40,41,59,60,79,NA,NA,999,999,"2015-07-27 14:13:00"
2013,"32",17,16,1,4,5,8,9,12,13,16,NA,NA,999,999,"2015-07-27 14:13:00"
2013,"33",10,10,1,2,3,5,6,8,9,10,NA,NA,NA,NA,"2015-07-27 14:13:00"
2013,"34",21,21,1,5,6,10,11,16,17,21,NA,NA,NA,NA,"2015-07-27 14:13:00"
2013,"35",33,32,1,8,9,16,17,24,25,32,NA,NA,999,999,"2015-07-27 14:13:00"
2013,"36",62,62,1,16,17,31,32,46,47,62,NA,NA,NA,NA,"2015-07-27 14:13:00"
2013,"37",100,100,1,25,26,50,51,75,76,100,NA,NA,NA,NA,"2015-07-27 14:13:00"
2013,"38",53,46,1,12,13,23,24,34,35,46,NA,NA,999,999,"2015-07-27 14:13:00"
2013,"39",88,88,1,22,23,44,45,66,67,88,NA,NA,NA,NA,"2015-07-27 14:13:00"
2013,"40",77,77,1,19,20,38,39,58,59,77,NA,NA,NA,NA,"2015-07-27 14:13:00"
2013,"41",36,33,1,8,9,16,17,25,26,33,NA,NA,999,999,"2015-07-27 14:13:00"
2013,"42",67,67,1,17,18,34,35,50,51,67,NA,NA,NA,NA,"2015-07-27 14:13:00"
2013,"44",5,5,1,1,2,2,3,3,4,4,5,5,NA,NA,"2015-07-27 14:13:00"
2013,"45",46,46,1,12,13,23,24,34,35,46,NA,NA,NA,NA,"2015-07-27 14:13:00"
2013,"46",66,57,1,14,15,28,29,43,44,57,NA,NA,999,999,"2015-07-27 14:13:00"
2013,"47",95,95,1,24,25,48,49,71,72,95,NA,NA,NA,NA,"2015-07-27 14:13:00"
2013,"48",254,232,1,58,59,116,117,174,175,232,NA,NA,999,999,"2015-07-27 14:13:00"
2013,"49",29,27,1,7,8,14,15,20,21,27,NA,NA,999,999,"2015-07-27 14:13:00"
2013,"50",14,14,1,4,5,7,8,10,11,14,NA,NA,NA,NA,"2015-07-27 14:13:00"
2013,"51",134,133,1,33,34,66,67,100,101,133,NA,NA,999,999,"2015-07-27 14:13:00"
2013,"53",39,39,1,10,11,20,21,29,30,39,NA,NA,NA,NA,"2015-07-27 14:13:00"
2013,"54",55,55,1,14,15,28,29,41,42,55,NA,NA,NA,NA,"2015-07-27 14:13:00"
2013,"55",72,72,1,18,19,36,37,54,55,72,NA,NA,NA,NA,"2015-07-27 14:13:00"
2013,"56",23,23,1,6,7,12,13,17,18,23,NA,NA,NA,NA,"2015-07-27 14:13:00"
2014,"01",67,67,1,17,18,34,35,50,51,67,NA,NA,NA,NA,"2015-07-27 14:13:00"
2014,"02",27,23,1,6,7,12,13,17,18,23,NA,NA,999,999,"2015-07-27 14:13:00"
2014,"04",15,15,1,4,5,8,9,11,12,15,NA,NA,NA,NA,"2015-07-27 14:13:00"
2014,"05",75,75,1,19,20,38,39,56,57,75,NA,NA,NA,NA,"2015-07-27 14:13:00"
2014,"06",58,57,1,14,15,28,29,43,44,57,NA,NA,999,999,"2015-07-27 14:13:00"
2014,"08",64,59,1,15,16,30,31,44,45,59,NA,NA,999,999,"2015-07-27 14:13:00"
2014,"09",8,8,1,2,3,4,5,6,7,8,NA,NA,NA,NA,"2015-07-27 14:13:00"
2014,"10",3,3,1,1,2,2,3,3,NA,NA,NA,NA,NA,NA,"2015-07-27 14:13:00"
2014,"11",1,1,1,1,NA,NA,NA,NA,NA,NA,NA,NA,NA,NA,"2015-07-27 14:13:00"
2014,"12",67,67,1,17,18,34,35,50,51,67,NA,NA,NA,NA,"2015-07-27 14:13:00"
2014,"13",159,159,1,40,41,80,81,119,120,159,NA,NA,NA,NA,"2015-07-27 14:13:00"
2014,"15",5,4,1,1,2,2,3,3,4,4,NA,NA,999,999,"2015-07-27 14:13:00"
2014,"16",44,42,1,10,11,21,22,32,33,42,NA,NA,999,999,"2015-07-27 14:13:00"
2014,"17",102,102,1,26,27,51,52,76,77,102,NA,NA,NA,NA,"2015-07-27 14:13:00"
2014,"18",92,92,1,23,24,46,47,69,70,92,NA,NA,NA,NA,"2015-07-27 14:13:00"
2014,"19",99,99,1,25,26,50,51,74,75,99,NA,NA,NA,NA,"2015-07-27 14:13:00"
2014,"20",105,98,1,24,25,49,50,74,75,98,NA,NA,999,999,"2015-07-27 14:13:00"
2014,"21",120,120,1,30,31,60,61,90,91,120,NA,NA,NA,NA,"2015-07-27 14:13:00"
2014,"22",64,64,1,16,17,32,33,48,49,64,NA,NA,NA,NA,"2015-07-27 14:13:00"
2014,"23",16,16,1,4,5,8,9,12,13,16,NA,NA,NA,NA,"2015-07-27 14:13:00"
2014,"24",24,24,1,6,7,12,13,18,19,24,NA,NA,NA,NA,"2015-07-27 14:13:00"
2014,"25",14,14,1,4,5,7,8,10,11,14,NA,NA,NA,NA,"2015-07-27 14:13:00"
2014,"26",83,82,1,20,21,41,42,62,63,82,NA,NA,999,999,"2015-07-27 14:13:00"
2014,"27",87,87,1,22,23,44,45,65,66,87,NA,NA,NA,NA,"2015-07-27 14:13:00"
2014,"28",82,81,1,20,21,40,41,61,62,81,NA,NA,999,999,"2015-07-27 14:13:00"
2014,"29",115,115,1,29,30,58,59,86,87,115,NA,NA,NA,NA,"2015-07-27 14:13:00"
2014,"30",56,46,1,12,13,23,24,34,35,46,NA,NA,999,999,"2015-07-27 14:13:00"
2014,"31",93,79,1,20,21,40,41,59,60,79,NA,NA,999,999,"2015-07-27 14:13:00"
2014,"32",17,16,1,4,5,8,9,12,13,16,NA,NA,999,999,"2015-07-27 14:13:00"
2014,"33",10,10,1,2,3,5,6,8,9,10,NA,NA,NA,NA,"2015-07-27 14:13:00"
2014,"34",21,21,1,5,6,10,11,16,17,21,NA,NA,NA,NA,"2015-07-27 14:13:00"
2014,"35",33,32,1,8,9,16,17,24,25,32,NA,NA,999,999,"2015-07-27 14:13:00"
2014,"36",62,62,1,16,17,31,32,46,47,62,NA,NA,NA,NA,"2015-07-27 14:13:00"
2014,"37",100,100,1,25,26,50,51,75,76,100,NA,NA,NA,NA,"2015-07-27 14:13:00"
2014,"38",53,45,1,11,12,22,23,34,35,45,NA,NA,999,999,"2015-07-27 14:13:00"
2014,"39",88,88,1,22,23,44,45,66,67,88,NA,NA,NA,NA,"2015-07-27 14:13:00"
2014,"40",77,77,1,19,20,38,39,58,59,77,NA,NA,NA,NA,"2015-07-27 14:13:00"
2014,"41",36,33,1,8,9,16,17,25,26,33,NA,NA,999,999,"2015-07-27 14:13:00"
2014,"42",67,67,1,17,18,34,35,50,51,67,NA,NA,NA,NA,"2015-07-27 14:13:00"
2014,"44",5,5,1,1,2,2,3,3,4,4,5,5,NA,NA,"2015-07-27 14:13:00"
2014,"45",46,46,1,12,13,23,24,34,35,46,NA,NA,NA,NA,"2015-07-27 14:13:00"
2014,"46",66,57,1,14,15,28,29,43,44,57,NA,NA,999,999,"2015-07-27 14:13:00"
2014,"47",95,95,1,24,25,48,49,71,72,95,NA,NA,NA,NA,"2015-07-27 14:13:00"
2014,"48",254,232,1,58,59,116,117,174,175,232,NA,NA,999,999,"2015-07-27 14:13:00"
2014,"49",29,27,1,7,8,14,15,20,21,27,NA,NA,999,999,"2015-07-27 14:13:00"
2014,"50",14,14,1,4,5,7,8,10,11,14,NA,NA,NA,NA,"2015-07-27 14:13:00"
2014,"51",134,133,1,33,34,66,67,100,101,133,NA,NA,999,999,"2015-07-27 14:13:00"
2014,"53",39,39,1,10,11,20,21,29,30,39,NA,NA,NA,NA,"2015-07-27 14:13:00"
2014,"54",55,55,1,14,15,28,29,41,42,55,NA,NA,NA,NA,"2015-07-27 14:13:00"
2014,"55",72,72,1,18,19,36,37,54,55,72,NA,NA,NA,NA,"2015-07-27 14:13:00"
2014,"56",23,23,1,6,7,12,13,17,18,23,NA,NA,NA,NA,"2015-07-27 14:13:00"
2015,"01",67,67,1,17,18,34,35,50,51,67,NA,NA,NA,NA,"2015-07-27 14:13:00"
2015,"02",27,23,1,6,7,12,13,17,18,23,NA,NA,999,999,"2015-07-27 14:13:00"
2015,"04",15,15,1,4,5,8,9,11,12,15,NA,NA,NA,NA,"2015-07-27 14:13:00"
2015,"05",75,75,1,19,20,38,39,56,57,75,NA,NA,NA,NA,"2015-07-27 14:13:00"
2015,"06",58,57,1,14,15,28,29,43,44,57,NA,NA,999,999,"2015-07-27 14:13:00"
2015,"08",64,60,1,15,16,30,31,45,46,60,NA,NA,999,999,"2015-07-27 14:13:00"
2015,"09",8,8,1,2,3,4,5,6,7,8,NA,NA,NA,NA,"2015-07-27 14:13:00"
2015,"10",3,3,1,1,2,2,3,3,NA,NA,NA,NA,NA,NA,"2015-07-27 14:13:00"
2015,"11",1,1,1,1,NA,NA,NA,NA,NA,NA,NA,NA,NA,NA,"2015-07-27 14:13:00"
2015,"12",67,67,1,17,18,34,35,50,51,67,NA,NA,NA,NA,"2015-07-27 14:13:00"
2015,"13",159,159,1,40,41,80,81,119,120,159,NA,NA,NA,NA,"2015-07-27 14:13:00"
2015,"15",5,4,1,1,2,2,3,3,4,4,NA,NA,999,999,"2015-07-27 14:13:00"
2015,"16",44,42,1,10,11,21,22,32,33,42,NA,NA,999,999,"2015-07-27 14:13:00"
2015,"17",102,102,1,26,27,51,52,76,77,102,NA,NA,NA,NA,"2015-07-27 14:13:00"
2015,"18",92,92,1,23,24,46,47,69,70,92,NA,NA,NA,NA,"2015-07-27 14:13:00"
2015,"19",99,99,1,25,26,50,51,74,75,99,NA,NA,NA,NA,"2015-07-27 14:13:00"
2015,"20",105,101,1,25,26,50,51,76,77,101,NA,NA,999,999,"2015-07-27 14:13:00"
2015,"21",120,120,1,30,31,60,61,90,91,120,NA,NA,NA,NA,"2015-07-27 14:13:00"
2015,"22",64,64,1,16,17,32,33,48,49,64,NA,NA,NA,NA,"2015-07-27 14:13:00"
2015,"23",16,16,1,4,5,8,9,12,13,16,NA,NA,NA,NA,"2015-07-27 14:13:00"
2015,"24",24,24,1,6,7,12,13,18,19,24,NA,NA,NA,NA,"2015-07-27 14:13:00"
2015,"25",14,14,1,4,5,7,8,10,11,14,NA,NA,NA,NA,"2015-07-27 14:13:00"
2015,"26",83,82,1,20,21,41,42,62,63,82,NA,NA,999,999,"2015-07-27 14:13:00"
2015,"27",87,87,1,22,23,44,45,65,66,87,NA,NA,NA,NA,"2015-07-27 14:13:00"
2015,"28",82,82,1,20,21,41,42,62,63,82,NA,NA,NA,NA,"2015-07-27 14:13:00"
2015,"29",115,114,1,28,29,57,58,86,87,114,NA,NA,999,999,"2015-07-27 14:13:00"
2015,"30",56,46,1,12,13,23,24,34,35,46,NA,NA,999,999,"2015-07-27 14:13:00"
2015,"31",93,78,1,20,21,39,40,58,59,78,NA,NA,999,999,"2015-07-27 14:13:00"
2015,"32",17,16,1,4,5,8,9,12,13,16,NA,NA,999,999,"2015-07-27 14:13:00"
2015,"33",10,10,1,2,3,5,6,8,9,10,NA,NA,NA,NA,"2015-07-27 14:13:00"
2015,"34",21,21,1,5,6,10,11,16,17,21,NA,NA,NA,NA,"2015-07-27 14:13:00"
2015,"35",33,32,1,8,9,16,17,24,25,32,NA,NA,999,999,"2015-07-27 14:13:00"
2015,"36",62,62,1,16,17,31,32,46,47,62,NA,NA,NA,NA,"2015-07-27 14:13:00"
2015,"37",100,100,1,25,26,50,51,75,76,100,NA,NA,NA,NA,"2015-07-27 14:13:00"
2015,"38",53,47,1,12,13,24,25,35,36,47,NA,NA,999,999,"2015-07-27 14:13:00"
2015,"39",88,88,1,22,23,44,45,66,67,88,NA,NA,NA,NA,"2015-07-27 14:13:00"
2015,"40",77,77,1,19,20,38,39,58,59,77,NA,NA,NA,NA,"2015-07-27 14:13:00"
2015,"41",36,34,1,8,9,17,18,26,27,34,NA,NA,999,999,"2015-07-27 14:13:00"
2015,"42",67,67,1,17,18,34,35,50,51,67,NA,NA,NA,NA,"2015-07-27 14:13:00"
2015,"44",5,5,1,1,2,2,3,3,4,4,5,5,NA,NA,"2015-07-27 14:13:00"
2015,"45",46,46,1,12,13,23,24,34,35,46,NA,NA,NA,NA,"2015-07-27 14:13:00"
2015,"46",66,60,1,15,16,30,31,45,46,60,NA,NA,999,999,"2015-07-27 14:13:00"
2015,"47",95,95,1,24,25,48,49,71,72,95,NA,NA,NA,NA,"2015-07-27 14:13:00"
2015,"48",254,237,1,59,60,118,119,178,179,237,NA,NA,999,999,"2015-07-27 14:13:00"
2015,"49",29,27,1,7,8,14,15,20,21,27,NA,NA,999,999,"2015-07-27 14:13:00"
2015,"50",14,14,1,4,5,7,8,10,11,14,NA,NA,NA,NA,"2015-07-27 14:13:00"
2015,"51",134,133,1,33,34,66,67,100,101,133,NA,NA,999,999,"2015-07-27 14:13:00"
2015,"53",39,39,1,10,11,20,21,29,30,39,NA,NA,NA,NA,"2015-07-27 14:13:00"
2015,"54",55,55,1,14,15,28,29,41,42,55,NA,NA,NA,NA,"2015-07-27 14:13:00"
2015,"55",72,72,1,18,19,36,37,54,55,72,NA,NA,NA,NA,"2015-07-27 14:13:00"
2015,"56",23,23,1,6,7,12,13,17,18,23,NA,NA,NA,NA,"2015-07-27 14:13:00"
2016,"01",67,67,1,17,18,34,35,50,51,67,NA,NA,NA,NA,"2016-02-24 20:29:00"
2016,"02",27,24,1,6,7,12,13,18,19,24,NA,NA,999,999,"2016-02-24 20:29:00"
2016,"04",15,15,1,4,5,8,9,11,12,15,NA,NA,NA,NA,"2016-02-24 20:29:00"
2016,"05",75,75,1,19,20,38,39,56,57,75,NA,NA,NA,NA,"2016-02-24 20:29:00"
2016,"06",58,57,1,14,15,28,29,43,44,57,NA,NA,999,999,"2016-02-24 20:29:00"
2016,"08",64,60,1,15,16,30,31,45,46,60,NA,NA,999,999,"2016-02-24 20:29:00"
2016,"09",8,8,1,2,3,4,5,6,7,8,NA,NA,NA,NA,"2016-02-24 20:29:00"
2016,"10",3,3,1,1,2,2,3,3,NA,NA,NA,NA,NA,NA,"2016-02-24 20:29:00"
2016,"11",1,1,1,1,NA,NA,NA,NA,NA,NA,NA,NA,NA,NA,"2016-02-24 20:29:00"
2016,"12",67,67,1,17,18,34,35,50,51,67,NA,NA,NA,NA,"2016-02-24 20:29:00"
2016,"13",159,159,1,40,41,80,81,119,120,159,NA,NA,NA,NA,"2016-02-24 20:29:00"
2016,"15",5,4,1,1,2,2,3,3,4,4,NA,NA,999,999,"2016-02-24 20:29:00"
2016,"16",44,42,1,10,11,21,22,32,33,42,NA,NA,999,999,"2016-02-24 20:29:00"
2016,"17",102,102,1,26,27,51,52,76,77,102,NA,NA,NA,NA,"2016-02-24 20:29:00"
2016,"18",92,92,1,23,24,46,47,69,70,92,NA,NA,NA,NA,"2016-02-24 20:29:00"
2016,"19",99,99,1,25,26,50,51,74,75,99,NA,NA,NA,NA,"2016-02-24 20:29:00"
2016,"20",105,101,1,25,26,50,51,76,77,101,NA,NA,999,999,"2016-02-24 20:29:00"
2016,"21",120,120,1,30,31,60,61,90,91,120,NA,NA,NA,NA,"2016-02-24 20:29:00"
2016,"22",64,64,1,16,17,32,33,48,49,64,NA,NA,NA,NA,"2016-02-24 20:29:00"
2016,"23",16,16,1,4,5,8,9,12,13,16,NA,NA,NA,NA,"2016-02-24 20:29:00"
2016,"24",24,24,1,6,7,12,13,18,19,24,NA,NA,NA,NA,"2016-02-24 20:29:00"
2016,"25",14,14,1,4,5,7,8,10,11,14,NA,NA,NA,NA,"2016-02-24 20:29:00"
2016,"26",83,83,1,21,22,42,43,62,63,83,NA,NA,NA,NA,"2016-02-24 20:29:00"
2016,"27",87,87,1,22,23,44,45,65,66,87,NA,NA,NA,NA,"2016-02-24 20:29:00"
2016,"28",82,82,1,20,21,41,42,62,63,82,NA,NA,NA,NA,"2016-02-24 20:29:00"
2016,"29",115,115,1,29,30,58,59,86,87,115,NA,NA,NA,NA,"2016-02-24 20:29:00"
2016,"30",56,47,1,12,13,24,25,35,36,47,NA,NA,999,999,"2016-02-24 20:29:00"
2016,"31",93,78,1,20,21,39,40,58,59,78,NA,NA,999,999,"2016-02-24 20:29:00"
2016,"32",17,17,1,4,5,8,9,13,14,17,NA,NA,NA,NA,"2016-02-24 20:29:00"
2016,"33",10,10,1,2,3,5,6,8,9,10,NA,NA,NA,NA,"2016-02-24 20:29:00"
2016,"34",21,21,1,5,6,10,11,16,17,21,NA,NA,NA,NA,"2016-02-24 20:29:00"
2016,"35",33,32,1,8,9,16,17,24,25,32,NA,NA,999,999,"2016-02-24 20:29:00"
2016,"36",62,62,1,16,17,31,32,46,47,62,NA,NA,NA,NA,"2016-02-24 20:29:00"
2016,"37",100,100,1,25,26,50,51,75,76,100,NA,NA,NA,NA,"2016-02-24 20:29:00"
2016,"38",53,49,1,12,13,24,25,37,38,49,NA,NA,999,999,"2016-02-24 20:29:00"
2016,"39",88,88,1,22,23,44,45,66,67,88,NA,NA,NA,NA,"2016-02-24 20:29:00"
2016,"40",77,77,1,19,20,38,39,58,59,77,NA,NA,NA,NA,"2016-02-24 20:29:00"
2016,"41",36,36,1,9,10,18,19,27,28,36,NA,NA,NA,NA,"2016-02-24 20:29:00"
2016,"42",67,67,1,17,18,34,35,50,51,67,NA,NA,NA,NA,"2016-02-24 20:29:00"
2016,"44",5,5,1,1,2,2,3,3,4,4,5,5,NA,NA,"2016-02-24 20:29:00"
2016,"45",46,46,1,12,13,23,24,34,35,46,NA,NA,NA,NA,"2016-02-24 20:29:00"
2016,"46",66,60,1,15,16,30,31,45,46,60,NA,NA,999,999,"2016-02-24 20:29:00"
2016,"47",95,95,1,24,25,48,49,71,72,95,NA,NA,NA,NA,"2016-02-24 20:29:00"
2016,"48",254,241,1,60,61,120,121,181,182,241,NA,NA,999,999,"2016-02-24 20:29:00"
2016,"49",29,26,1,6,7,13,14,20,21,26,NA,NA,999,999,"2016-02-24 20:29:00"
2016,"50",14,14,1,4,5,7,8,10,11,14,NA,NA,NA,NA,"2016-02-24 20:29:00"
2016,"51",134,134,1,34,35,67,68,100,101,134,NA,NA,NA,NA,"2016-02-24 20:29:00"
2016,"53",39,39,1,10,11,20,21,29,30,39,NA,NA,NA,NA,"2016-02-24 20:29:00"
2016,"54",55,55,1,14,15,28,29,41,42,55,NA,NA,NA,NA,"2016-02-24 20:29:00"
2016,"55",72,72,1,18,19,36,37,54,55,72,NA,NA,NA,NA,"2016-02-24 20:29:00"
2016,"56",23,23,1,6,7,12,13,17,18,23,NA,NA,NA,NA,"2016-02-24 20:29:00"
2017,"01",67,67,1,17,18,34,35,50,51,67,NA,NA,NA,NA,"2017-02-10 12:07:00"
2017,"02",23,20,1,5,6,10,11,15,16,20,NA,NA,999,999,"2017-02-10 12:07:00"
2017,"04",15,15,1,4,5,8,9,11,12,15,NA,NA,NA,NA,"2017-02-10 12:07:00"
2017,"05",75,75,1,19,20,38,39,56,57,75,NA,NA,NA,NA,"2017-02-10 12:07:00"
2017,"06",58,57,1,14,15,28,29,43,44,57,NA,NA,999,999,"2017-02-10 12:07:00"
2017,"08",64,58,1,14,15,29,30,44,45,58,NA,NA,999,999,"2017-02-10 12:07:00"
2017,"09",8,8,1,2,3,4,5,6,7,8,NA,NA,NA,NA,"2017-02-10 12:07:00"
2017,"10",3,3,1,1,2,2,3,3,NA,NA,NA,NA,NA,NA,"2017-02-10 12:07:00"
2017,"11",1,1,1,1,NA,NA,NA,NA,NA,NA,NA,NA,NA,NA,"2017-02-10 12:07:00"
2017,"12",67,67,1,17,18,34,35,50,51,67,NA,NA,NA,NA,"2017-02-10 12:07:00"
2017,"13",159,159,1,40,41,80,81,119,120,159,NA,NA,NA,NA,"2017-02-10 12:07:00"
2017,"15",5,4,1,1,2,2,3,3,4,4,NA,NA,999,999,"2017-02-10 12:07:00"
2017,"16",44,42,1,10,11,21,22,32,33,42,NA,NA,999,999,"2017-02-10 12:07:00"
2017,"17",102,102,1,26,27,51,52,76,77,102,NA,NA,NA,NA,"2017-02-10 12:07:00"
2017,"18",92,92,1,23,24,46,47,69,70,92,NA,NA,NA,NA,"2017-02-10 12:07:00"
2017,"19",99,99,1,25,26,50,51,74,75,99,NA,NA,NA,NA,"2017-02-10 12:07:00"
2017,"20",105,102,1,26,27,51,52,76,77,102,NA,NA,999,999,"2017-02-10 12:07:00"
2017,"21",120,120,1,30,31,60,61,90,91,120,NA,NA,NA,NA,"2017-02-10 12:07:00"
2017,"22",64,64,1,16,17,32,33,48,49,64,NA,NA,NA,NA,"2017-02-10 12:07:00"
2017,"23",16,16,1,4,5,8,9,12,13,16,NA,NA,NA,NA,"2017-02-10 12:07:00"
2017,"24",24,24,1,6,7,12,13,18,19,24,NA,NA,NA,NA,"2017-02-10 12:07:00"
2017,"25",14,14,1,4,5,7,8,10,11,14,NA,NA,NA,NA,"2017-02-10 12:07:00"
2017,"26",83,83,1,21,22,42,43,62,63,83,NA,NA,NA,NA,"2017-02-10 12:07:00"
2017,"27",87,87,1,22,23,44,45,65,66,87,NA,NA,NA,NA,"2017-02-10 12:07:00"
2017,"28",82,82,1,20,21,41,42,62,63,82,NA,NA,NA,NA,"2017-02-10 12:07:00"
2017,"29",115,115,1,29,30,58,59,86,87,115,NA,NA,NA,NA,"2017-02-10 12:07:00"
2017,"30",56,47,1,12,13,24,25,35,36,47,NA,NA,999,999,"2017-02-10 12:07:00"
2017,"31",93,78,1,20,21,39,40,58,59,78,NA,NA,999,999,"2017-02-10 12:07:00"
2017,"32",17,17,1,4,5,8,9,13,14,17,NA,NA,NA,NA,"2017-02-10 12:07:00"
2017,"33",10,10,1,2,3,5,6,8,9,10,NA,NA,NA,NA,"2017-02-10 12:07:00"
2017,"34",21,21,1,5,6,10,11,16,17,21,NA,NA,NA,NA,"2017-02-10 12:07:00"
2017,"35",33,32,1,8,9,16,17,24,25,32,NA,NA,999,999,"2017-02-10 12:07:00"
2017,"36",62,62,1,16,17,31,32,46,47,62,NA,NA,NA,NA,"2017-02-10 12:07:00"
2017,"37",100,100,1,25,26,50,51,75,76,100,NA,NA,NA,NA,"2017-02-10 12:07:00"
2017,"38",53,49,1,12,13,24,25,37,38,49,NA,NA,999,999,"2017-02-10 12:07:00"
2017,"39",88,88,1,22,23,44,45,66,67,88,NA,NA,NA,NA,"2017-02-10 12:07:00"
2017,"40",77,77,1,19,20,38,39,58,59,77,NA,NA,NA,NA,"2017-02-10 12:07:00"
2017,"41",36,36,1,9,10,18,19,27,28,36,NA,NA,NA,NA,"2017-02-10 12:07:00"
2017,"42",67,67,1,17,18,34,35,50,51,67,NA,NA,NA,NA,"2017-02-10 12:07:00"
2017,"44",5,5,1,1,2,2,3,3,4,4,5,5,NA,NA,"2017-02-10 12:07:00"
2017,"45",46,46,1,12,13,23,24,34,35,46,NA,NA,NA,NA,"2017-02-10 12:07:00"
2017,"46",66,60,1,15,16,30,31,45,46,60,NA,NA,999,999,"2017-02-10 12:07:00"
2017,"47",95,95,1,24,25,48,49,71,72,95,NA,NA,NA,NA,"2017-02-10 12:07:00"
2017,"48",254,243,1,61,62,122,123,182,183,243,NA,NA,999,999,"2017-02-10 12:07:00"
2017,"49",29,27,1,7,8,14,15,20,21,27,NA,NA,999,999,"2017-02-10 12:07:00"
2017,"50",14,14,1,4,5,7,8,10,11,14,NA,NA,NA,NA,"2017-02-10 12:07:00"
2017,"51",133,133,1,33,34,66,67,100,101,133,NA,NA,NA,NA,"2017-02-10 12:07:00"
2017,"53",39,38,1,10,11,19,20,28,29,38,NA,NA,999,999,"2017-02-10 12:07:00"
2017,"54",55,55,1,14,15,28,29,41,42,55,NA,NA,NA,NA,"2017-02-10 12:07:00"
2017,"55",72,72,1,18,19,36,37,54,55,72,NA,NA,NA,NA,"2017-02-10 12:07:00"
2017,"56",23,23,1,6,7,12,13,17,18,23,NA,NA,NA,NA,"2017-02-10 12:07:00"
2018,"01",67,67,1,17,18,34,35,50,51,67,NA,NA,NA,NA,"2018-01-18 13:59:00"
2018,"02",29,25,1,6,7,12,13,19,20,25,NA,NA,999,999,"2018-01-18 13:59:00"
2018,"04",15,15,1,4,5,8,9,11,12,15,NA,NA,NA,NA,"2018-01-18 13:59:00"
2018,"05",75,75,1,19,20,38,39,56,57,75,NA,NA,NA,NA,"2018-01-18 13:59:00"
2018,"06",58,57,1,14,15,28,29,43,44,57,NA,NA,999,999,"2018-01-18 13:59:00"
2018,"08",64,58,1,14,15,29,30,44,45,58,NA,NA,999,999,"2018-01-18 13:59:00"
2018,"09",8,8,1,2,3,4,5,6,7,8,NA,NA,NA,NA,"2018-01-18 13:59:00"
2018,"10",3,3,1,1,2,2,3,3,NA,NA,NA,NA,NA,NA,"2018-01-18 13:59:00"
2018,"11",1,1,1,1,NA,NA,NA,NA,NA,NA,NA,NA,NA,NA,"2018-01-18 13:59:00"
2018,"12",67,67,1,17,18,34,35,50,51,67,NA,NA,NA,NA,"2018-01-18 13:59:00"
2018,"13",159,159,1,40,41,80,81,119,120,159,NA,NA,NA,NA,"2018-01-18 13:59:00"
2018,"15",5,4,1,1,2,2,3,3,4,4,NA,NA,999,999,"2018-01-18 13:59:00"
2018,"16",44,42,1,10,11,21,22,32,33,42,NA,NA,999,999,"2018-01-18 13:59:00"
2018,"17",102,102,1,26,27,51,52,76,77,102,NA,NA,NA,NA,"2018-01-18 13:59:00"
2018,"18",92,92,1,23,24,46,47,69,70,92,NA,NA,NA,NA,"2018-01-18 13:59:00"
2018,"19",99,99,1,25,26,50,51,74,75,99,NA,NA,NA,NA,"2018-01-18 13:59:00"
2018,"20",105,103,1,26,27,52,53,77,78,103,NA,NA,999,999,"2018-01-18 13:59:00"
2018,"21",120,120,1,30,31,60,61,90,91,120,NA,NA,NA,NA,"2018-01-18 13:59:00"
2018,"22",64,64,1,16,17,32,33,48,49,64,NA,NA,NA,NA,"2018-01-18 13:59:00"
2018,"23",16,16,1,4,5,8,9,12,13,16,NA,NA,NA,NA,"2018-01-18 13:59:00"
2018,"24",24,24,1,6,7,12,13,18,19,24,NA,NA,NA,NA,"2018-01-18 13:59:00"
2018,"25",14,14,1,4,5,7,8,10,11,14,NA,NA,NA,NA,"2018-01-18 13:59:00"
2018,"26",83,83,1,21,22,42,43,62,63,83,NA,NA,NA,NA,"2018-01-18 13:59:00"
2018,"27",87,87,1,22,23,44,45,65,66,87,NA,NA,NA,NA,"2018-01-18 13:59:00"
2018,"28",82,82,1,20,21,41,42,62,63,82,NA,NA,NA,NA,"2018-01-18 13:59:00"
2018,"29",115,115,1,29,30,58,59,86,87,115,NA,NA,NA,NA,"2018-01-18 13:59:00"
2018,"30",56,47,1,12,13,24,25,35,36,47,NA,NA,999,999,"2018-01-18 13:59:00"
2018,"31",93,80,1,20,21,40,41,60,61,80,NA,NA,999,999,"2018-01-18 13:59:00"
2018,"32",17,16,1,4,5,8,9,12,13,16,NA,NA,999,999,"2018-01-18 13:59:00"
2018,"33",10,10,1,2,3,5,6,8,9,10,NA,NA,NA,NA,"2018-01-18 13:59:00"
2018,"34",21,21,1,5,6,10,11,16,17,21,NA,NA,NA,NA,"2018-01-18 13:59:00"
2018,"35",33,32,1,8,9,16,17,24,25,32,NA,NA,999,999,"2018-01-18 13:59:00"
2018,"36",62,62,1,16,17,31,32,46,47,62,NA,NA,NA,NA,"2018-01-18 13:59:00"
2018,"37",100,100,1,25,26,50,51,75,76,100,NA,NA,NA,NA,"2018-01-18 13:59:00"
2018,"38",53,49,1,12,13,24,25,37,38,49,NA,NA,999,999,"2018-01-18 13:59:00"
2018,"39",88,88,1,22,23,44,45,66,67,88,NA,NA,NA,NA,"2018-01-18 13:59:00"
2018,"40",77,77,1,19,20,38,39,58,59,77,NA,NA,NA,NA,"2018-01-18 13:59:00"
2018,"41",36,36,1,9,10,18,19,27,28,36,NA,NA,NA,NA,"2018-01-18 13:59:00"
2018,"42",67,67,1,17,18,34,35,50,51,67,NA,NA,NA,NA,"2018-01-18 13:59:00"
2018,"44",5,5,1,1,2,2,3,3,4,4,5,5,NA,NA,"2018-01-18 13:59:00"
2018,"45",46,46,1,12,13,23,24,34,35,46,NA,NA,NA,NA,"2018-01-18 13:59:00"
2018,"46",66,60,1,15,16,30,31,45,46,60,NA,NA,999,999,"2018-01-18 13:59:00"
2018,"47",95,95,1,24,25,48,49,71,72,95,NA,NA,NA,NA,"2018-01-18 13:59:00"
2018,"48",254,242,1,60,61,121,122,182,183,242,NA,NA,999,999,"2018-01-18 13:59:00"
2018,"49",29,27,1,7,8,14,15,20,21,27,NA,NA,999,999,"2018-01-18 13:59:00"
2018,"50",14,14,1,4,5,7,8,10,11,14,NA,NA,NA,NA,"2018-01-18 13:59:00"
2018,"51",133,133,1,33,34,66,67,100,101,133,NA,NA,NA,NA,"2018-01-18 13:59:00"
2018,"53",39,39,1,10,11,20,21,29,30,39,NA,NA,NA,NA,"2018-01-18 13:59:00"
2018,"54",55,55,1,14,15,28,29,41,42,55,NA,NA,NA,NA,"2018-01-18 13:59:00"
2018,"55",72,72,1,18,19,36,37,54,55,72,NA,NA,NA,NA,"2018-01-18 13:59:00"
2018,"56",23,23,1,6,7,12,13,17,18,23,NA,NA,NA,NA,"2018-01-18 13:59:00"
2019,"01",67,67,1,17,18,34,35,50,51,67,NA,NA,NA,NA,"2019-02-01 17:22:00"
2019,"02",29,25,1,6,7,12,13,19,20,25,NA,NA,999,999,"2019-02-01 17:22:00"
2019,"04",15,15,1,4,5,8,9,11,12,15,NA,NA,NA,NA,"2019-02-01 17:22:00"
2019,"05",75,75,1,19,20,38,39,56,57,75,NA,NA,NA,NA,"2019-02-01 17:22:00"
2019,"06",58,58,1,14,15,29,30,44,45,58,NA,NA,NA,NA,"2019-02-01 17:22:00"
2019,"08",64,60,1,15,16,30,31,45,46,60,NA,NA,999,999,"2019-02-01 17:22:00"
2019,"09",8,8,1,2,3,4,5,6,7,8,NA,NA,NA,NA,"2019-02-01 17:22:00"
2019,"10",3,3,1,1,2,2,3,3,NA,NA,NA,NA,NA,NA,"2019-02-01 17:22:00"
2019,"11",1,1,1,1,NA,NA,NA,NA,NA,NA,NA,NA,NA,NA,"2019-02-01 17:22:00"
2019,"12",67,67,1,17,18,34,35,50,51,67,NA,NA,NA,NA,"2019-02-01 17:22:00"
2019,"13",159,159,1,40,41,80,81,119,120,159,NA,NA,NA,NA,"2019-02-01 17:22:00"
2019,"15",5,4,1,1,2,2,3,3,4,4,NA,NA,999,999,"2019-02-01 17:22:00"
2019,"16",44,42,1,10,11,21,22,32,33,42,NA,NA,999,999,"2019-02-01 17:22:00"
2019,"17",102,102,1,26,27,51,52,76,77,102,NA,NA,NA,NA,"2019-02-01 17:22:00"
2019,"18",92,92,1,23,24,46,47,69,70,92,NA,NA,NA,NA,"2019-02-01 17:22:00"
2019,"19",99,99,1,25,26,50,51,74,75,99,NA,NA,NA,NA,"2019-02-01 17:22:00"
2019,"20",105,102,1,26,27,51,52,76,77,102,NA,NA,999,999,"2019-02-01 17:22:00"
2019,"21",120,120,1,30,31,60,61,90,91,120,NA,NA,NA,NA,"2019-02-01 17:22:00"
2019,"22",64,64,1,16,17,32,33,48,49,64,NA,NA,NA,NA,"2019-02-01 17:22:00"
2019,"23",16,16,1,4,5,8,9,12,13,16,NA,NA,NA,NA,"2019-02-01 17:22:00"
2019,"24",24,24,1,6,7,12,13,18,19,24,NA,NA,NA,NA,"2019-02-01 17:22:00"
2019,"25",14,14,1,4,5,7,8,10,11,14,NA,NA,NA,NA,"2019-02-01 17:22:00"
2019,"26",83,83,1,21,22,42,43,62,63,83,NA,NA,NA,NA,"2019-02-01 17:22:00"
2019,"27",87,87,1,22,23,44,45,65,66,87,NA,NA,NA,NA,"2019-02-01 17:22:00"
2019,"28",82,81,1,20,21,40,41,61,62,81,NA,NA,999,999,"2019-02-01 17:22:00"
2019,"29",115,115,1,29,30,58,59,86,87,115,NA,NA,NA,NA,"2019-02-01 17:22:00"
2019,"30",56,48,1,12,13,24,25,36,37,48,NA,NA,999,999,"2019-02-01 17:22:00"
2019,"31",93,79,1,20,21,40,41,59,60,79,NA,NA,999,999,"2019-02-01 17:22:00"
2019,"32",17,15,1,4,5,8,9,11,12,15,NA,NA,999,999,"2019-02-01 17:22:00"
2019,"33",10,10,1,2,3,5,6,8,9,10,NA,NA,NA,NA,"2019-02-01 17:22:00"
2019,"34",21,21,1,5,6,10,11,16,17,21,NA,NA,NA,NA,"2019-02-01 17:22:00"
2019,"35",33,32,1,8,9,16,17,24,25,32,NA,NA,999,999,"2019-02-01 17:22:00"
2019,"36",62,62,1,16,17,31,32,46,47,62,NA,NA,NA,NA,"2019-02-01 17:22:00"
2019,"37",100,100,1,25,26,50,51,75,76,100,NA,NA,NA,NA,"2019-02-01 17:22:00"
2019,"38",53,49,1,12,13,24,25,37,38,49,NA,NA,999,999,"2019-02-01 17:22:00"
2019,"39",88,88,1,22,23,44,45,66,67,88,NA,NA,NA,NA,"2019-02-01 17:22:00"
2019,"40",77,77,1,19,20,38,39,58,59,77,NA,NA,NA,NA,"2019-02-01 17:22:00"
2019,"41",36,35,1,9,10,18,19,26,27,35,NA,NA,999,999,"2019-02-01 17:22:00"
2019,"42",67,67,1,17,18,34,35,50,51,67,NA,NA,NA,NA,"2019-02-01 17:22:00"
2019,"44",5,5,1,1,2,2,3,3,4,4,5,5,NA,NA,"2019-02-01 17:22:00"
2019,"45",46,46,1,12,13,23,24,34,35,46,NA,NA,NA,NA,"2019-02-01 17:22:00"
2019,"46",66,62,1,16,17,31,32,46,47,62,NA,NA,999,999,"2019-02-01 17:22:00"
2019,"47",95,95,1,24,25,48,49,71,72,95,NA,NA,NA,NA,"2019-02-01 17:22:00"
2019,"48",254,244,1,61,62,122,123,183,184,244,NA,NA,999,999,"2019-02-01 17:22:00"
2019,"49",29,27,1,7,8,14,15,20,21,27,NA,NA,999,999,"2019-02-01 17:22:00"
2019,"50",14,14,1,4,5,7,8,10,11,14,NA,NA,NA,NA,"2019-02-01 17:22:00"
2019,"51",133,133,1,33,34,66,67,100,101,133,NA,NA,NA,NA,"2019-02-01 17:22:00"
2019,"53",39,39,1,10,11,20,21,29,30,39,NA,NA,NA,NA,"2019-02-01 17:22:00"
2019,"54",55,55,1,14,15,28,29,41,42,55,NA,NA,NA,NA,"2019-02-01 17:22:00"
2019,"55",72,72,1,18,19,36,37,54,55,72,NA,NA,NA,NA,"2019-02-01 17:22:00"
2019,"56",23,23,1,6,7,12,13,17,18,23,NA,NA,NA,NA,"2019-02-01 17:22:00"
2020,"01",67,67,1,17,18,34,35,50,51,67,NA,NA,NA,NA,"2020-02-07 12:32:00"
2020,"02",29,25,1,6,7,12,13,19,20,25,NA,NA,999,999,"2020-02-07 12:32:00"
2020,"04",15,15,1,4,5,8,9,11,12,15,NA,NA,NA,NA,"2020-02-07 12:32:00"
2020,"05",75,75,1,19,20,38,39,56,57,75,NA,NA,NA,NA,"2020-02-07 12:32:00"
2020,"06",58,58,1,14,15,29,30,44,45,58,NA,NA,NA,NA,"2020-02-07 12:32:00"
2020,"08",64,60,1,15,16,30,31,45,46,60,NA,NA,999,999,"2020-02-07 12:32:00"
2020,"09",8,8,1,2,3,4,5,6,7,8,NA,NA,NA,NA,"2020-02-07 12:32:00"
2020,"10",3,3,1,1,2,2,3,3,NA,NA,NA,NA,NA,NA,"2020-02-07 12:32:00"
2020,"11",1,1,1,1,NA,NA,NA,NA,NA,NA,NA,NA,NA,NA,"2020-02-07 12:32:00"
2020,"12",67,67,1,17,18,34,35,50,51,67,NA,NA,NA,NA,"2020-02-07 12:32:00"
2020,"13",159,159,1,40,41,80,81,119,120,159,NA,NA,NA,NA,"2020-02-07 12:32:00"
2020,"15",5,4,1,1,2,2,3,3,4,4,NA,NA,999,999,"2020-02-07 12:32:00"
2020,"16",44,42,1,10,11,21,22,32,33,42,NA,NA,999,999,"2020-02-07 12:32:00"
2020,"17",102,102,1,26,27,51,52,76,77,102,NA,NA,NA,NA,"2020-02-07 12:32:00"
2020,"18",92,92,1,23,24,46,47,69,70,92,NA,NA,NA,NA,"2020-02-07 12:32:00"
2020,"19",99,99,1,25,26,50,51,74,75,99,NA,NA,NA,NA,"2020-02-07 12:32:00"
2020,"20",105,104,1,26,27,52,53,78,79,104,NA,NA,999,999,"2020-02-07 12:32:00"
2020,"21",120,120,1,30,31,60,61,90,91,120,NA,NA,NA,NA,"2020-02-07 12:32:00"
2020,"22",64,64,1,16,17,32,33,48,49,64,NA,NA,NA,NA,"2020-02-07 12:32:00"
2020,"23",16,16,1,4,5,8,9,12,13,16,NA,NA,NA,NA,"2020-02-07 12:32:00"
2020,"24",24,24,1,6,7,12,13,18,19,24,NA,NA,NA,NA,"2020-02-07 12:32:00"
2020,"25",14,14,1,4,5,7,8,10,11,14,NA,NA,NA,NA,"2020-02-07 12:32:00"
2020,"26",83,83,1,21,22,42,43,62,63,83,NA,NA,NA,NA,"2020-02-07 12:32:00"
2020,"27",87,87,1,22,23,44,45,65,66,87,NA,NA,NA,NA,"2020-02-07 12:32:00"
2020,"28",82,82,1,20,21,41,42,62,63,82,NA,NA,NA,NA,"2020-02-07 12:32:00"
2020,"29",115,115,1,29,30,58,59,86,87,115,NA,NA,NA,NA,"2020-02-07 12:32:00"
2020,"30",56,48,1,12,13,24,25,36,37,48,NA,NA,999,999,"2020-02-07 12:32:00"
2020,"31",93,80,1,20,21,40,41,60,61,80,NA,NA,999,999,"2020-02-07 12:32:00"
2020,"32",17,15,1,4,5,8,9,11,12,15,NA,NA,999,999,"2020-02-07 12:32:00"
2020,"33",10,10,1,2,3,5,6,8,9,10,NA,NA,NA,NA,"2020-02-07 12:32:00"
2020,"34",21,21,1,5,6,10,11,16,17,21,NA,NA,NA,NA,"2020-02-07 12:32:00"
2020,"35",33,32,1,8,9,16,17,24,25,32,NA,NA,999,999,"2020-02-07 12:32:00"
2020,"36",62,62,1,16,17,31,32,46,47,62,NA,NA,NA,NA,"2020-02-07 12:32:00"
2020,"37",100,100,1,25,26,50,51,75,76,100,NA,NA,NA,NA,"2020-02-07 12:32:00"
2020,"38",53,48,1,12,13,24,25,36,37,48,NA,NA,999,999,"2020-02-07 12:32:00"
2020,"39",88,88,1,22,23,44,45,66,67,88,NA,NA,NA,NA,"2020-02-07 12:32:00"
2020,"40",77,77,1,19,20,38,39,58,59,77,NA,NA,NA,NA,"2020-02-07 12:32:00"
2020,"41",36,35,1,9,10,18,19,26,27,35,NA,NA,999,999,"2020-02-07 12:32:00"
2020,"42",67,67,1,17,18,34,35,50,51,67,NA,NA,NA,NA,"2020-02-07 12:32:00"
2020,"44",5,5,1,1,2,2,3,3,4,4,5,5,NA,NA,"2020-02-07 12:32:00"
2020,"45",46,46,1,12,13,23,24,34,35,46,NA,NA,NA,NA,"2020-02-07 12:32:00"
2020,"46",66,61,1,15,16,30,31,46,47,61,NA,NA,999,999,"2020-02-07 12:32:00"
2020,"47",95,95,1,24,25,48,49,71,72,95,NA,NA,NA,NA,"2020-02-07 12:32:00"
2020,"48",254,244,1,61,62,122,123,183,184,244,NA,NA,999,999,"2020-02-07 12:32:00"
2020,"49",29,28,1,7,8,14,15,21,22,28,NA,NA,999,999,"2020-02-07 12:32:00"
2020,"50",14,14,1,4,5,7,8,10,11,14,NA,NA,NA,NA,"2020-02-07 12:32:00"
2020,"51",133,133,1,33,34,66,67,100,101,133,NA,NA,NA,NA,"2020-02-07 12:32:00"
2020,"53",39,39,1,10,11,20,21,29,30,39,NA,NA,NA,NA,"2020-02-07 12:32:00"
2020,"54",55,55,1,14,15,28,29,41,42,55,NA,NA,NA,NA,"2020-02-07 12:32:00"
2020,"55",72,72,1,18,19,36,37,54,55,72,NA,NA,NA,NA,"2020-02-07 12:32:00"
2020,"56",23,23,1,6,7,12,13,17,18,23,NA,NA,NA,NA,"2020-02-07 12:32:00"
2021,"01",67,67,1,17,18,34,35,50,51,67,NA,NA,NA,NA,"2021-02-24 16:59:00"
2021,"02",29,25,1,6,7,12,13,19,20,25,NA,NA,999,999,"2021-02-24 16:59:00"
2021,"04",15,15,1,4,5,8,9,11,12,15,NA,NA,NA,NA,"2021-02-24 16:59:00"
2021,"05",75,75,1,19,20,38,39,56,57,75,NA,NA,NA,NA,"2021-02-24 16:59:00"
2021,"06",58,58,1,14,15,29,30,44,45,58,NA,NA,NA,NA,"2021-02-24 16:59:00"
2021,"08",64,60,1,15,16,30,31,45,46,60,NA,NA,999,999,"2021-02-24 16:59:00"
2021,"09",8,8,1,2,3,4,5,6,7,8,NA,NA,NA,NA,"2021-02-24 16:59:00"
2021,"10",3,3,1,1,2,2,3,3,NA,NA,NA,NA,NA,NA,"2021-02-24 16:59:00"
2021,"11",1,1,1,1,NA,NA,NA,NA,NA,NA,NA,NA,NA,NA,"2021-02-24 16:59:00"
2021,"12",67,67,1,17,18,34,35,50,51,67,NA,NA,NA,NA,"2021-02-24 16:59:00"
2021,"13",159,159,1,40,41,80,81,119,120,159,NA,NA,NA,NA,"2021-02-24 16:59:00"
2021,"15",5,4,1,1,2,2,3,3,4,4,NA,NA,999,999,"2021-02-24 16:59:00"
2021,"16",44,43,1,11,12,22,23,32,33,43,NA,NA,999,999,"2021-02-24 16:59:00"
2021,"17",102,102,1,26,27,51,52,76,77,102,NA,NA,NA,NA,"2021-02-24 16:59:00"
2021,"18",92,92,1,23,24,46,47,69,70,92,NA,NA,NA,NA,"2021-02-24 16:59:00"
2021,"19",99,99,1,25,26,50,51,74,75,99,NA,NA,NA,NA,"2021-02-24 16:59:00"
2021,"20",105,104,1,26,27,52,53,78,79,104,NA,NA,999,999,"2021-02-24 16:59:00"
2021,"21",120,120,1,30,31,60,61,90,91,120,NA,NA,NA,NA,"2021-02-24 16:59:00"
2021,"22",64,64,1,16,17,32,33,48,49,64,NA,NA,NA,NA,"2021-02-24 16:59:00"
2021,"23",16,16,1,4,5,8,9,12,13,16,NA,NA,NA,NA,"2021-02-24 16:59:00"
2021,"24",24,24,1,6,7,12,13,18,19,24,NA,NA,NA,NA,"2021-02-24 16:59:00"
2021,"25",14,14,1,4,5,7,8,10,11,14,NA,NA,NA,NA,"2021-02-24 16:59:00"
2021,"26",83,83,1,21,22,42,43,62,63,83,NA,NA,NA,NA,"2021-02-24 16:59:00"
2021,"27",87,87,1,22,23,44,45,65,66,87,NA,NA,NA,NA,"2021-02-24 16:59:00"
2021,"28",82,82,1,20,21,41,42,62,63,82,NA,NA,NA,NA,"2021-02-24 16:59:00"
2021,"29",115,115,1,29,30,58,59,86,87,115,NA,NA,NA,NA,"2021-02-24 16:59:00"
2021,"30",56,48,1,12,13,24,25,36,37,48,NA,NA,999,999,"2021-02-24 16:59:00"
2021,"31",93,79,1,20,21,40,41,59,60,79,NA,NA,999,999,"2021-02-24 16:59:00"
2021,"32",17,16,1,4,5,8,9,12,13,16,NA,NA,999,999,"2021-02-24 16:59:00"
2021,"33",10,10,1,2,3,5,6,8,9,10,NA,NA,NA,NA,"2021-02-24 16:59:00"
2021,"34",21,21,1,5,6,10,11,16,17,21,NA,NA,NA,NA,"2021-02-24 16:59:00"
2021,"35",33,32,1,8,9,16,17,24,25,32,NA,NA,999,999,"2021-02-24 16:59:00"
2021,"36",62,62,1,16,17,31,32,46,47,62,NA,NA,NA,NA,"2021-02-24 16:59:00"
2021,"37",100,100,1,25,26,50,51,75,76,100,NA,NA,NA,NA,"2021-02-24 16:59:00"
2021,"38",53,46,1,12,13,23,24,34,35,46,NA,NA,999,999,"2021-02-24 16:59:00"
2021,"39",88,88,1,22,23,44,45,66,67,88,NA,NA,NA,NA,"2021-02-24 16:59:00"
2021,"40",77,77,1,19,20,38,39,58,59,77,NA,NA,NA,NA,"2021-02-24 16:59:00"
2021,"41",36,34,1,8,9,17,18,26,27,34,NA,NA,999,999,"2021-02-24 16:59:00"
2021,"42",67,67,1,17,18,34,35,50,51,67,NA,NA,NA,NA,"2021-02-24 16:59:00"
2021,"44",5,5,1,1,2,2,3,3,4,4,5,5,NA,NA,"2021-02-24 16:59:00"
2021,"45",46,46,1,12,13,23,24,34,35,46,NA,NA,NA,NA,"2021-02-24 16:59:00"
2021,"46",66,61,1,15,16,30,31,46,47,61,NA,NA,999,999,"2021-02-24 16:59:00"
2021,"47",95,95,1,24,25,48,49,71,72,95,NA,NA,NA,NA,"2021-02-24 16:59:00"
2021,"48",254,243,1,61,62,122,123,182,183,243,NA,NA,999,999,"2021-02-24 16:59:00"
2021,"49",29,28,1,7,8,14,15,21,22,28,NA,NA,999,999,"2021-02-24 16:59:00"
2021,"50",14,14,1,4,5,7,8,10,11,14,NA,NA,NA,NA,"2021-02-24 16:59:00"
2021,"51",133,133,1,33,34,66,67,100,101,133,NA,NA,NA,NA,"2021-02-24 16:59:00"
2021,"53",39,39,1,10,11,20,21,29,30,39,NA,NA,NA,NA,"2021-02-24 16:59:00"
2021,"54",55,55,1,14,15,28,29,41,42,55,NA,NA,NA,NA,"2021-02-24 16:59:00"
2021,"55",72,72,1,18,19,36,37,54,55,72,NA,NA,NA,NA,"2021-02-24 16:59:00"
2021,"56",23,23,1,6,7,12,13,17,18,23,NA,NA,NA,NA,"2021-02-24 16:59:00"
2022,"01",67,67,1,17,18,34,35,50,51,67,NA,NA,NA,NA,"2022-04-01 15:30:00"
2022,"02",29,24,1,6,7,12,13,18,19,24,NA,NA,999,999,"2022-04-01 15:30:00"
2022,"04",15,15,1,4,5,8,9,11,12,15,NA,NA,NA,NA,"2022-04-01 15:30:00"
2022,"05",75,75,1,19,20,38,39,56,57,75,NA,NA,NA,NA,"2022-04-01 15:30:00"
2022,"06",58,58,1,14,15,29,30,44,45,58,NA,NA,NA,NA,"2022-04-01 15:30:00"
2022,"08",64,59,1,15,16,30,31,44,45,59,NA,NA,999,999,"2022-04-01 15:30:00"
2022,"09",8,8,1,2,3,4,5,6,7,8,NA,NA,NA,NA,"2022-04-01 15:30:00"
2022,"10",3,3,1,1,2,2,3,3,NA,NA,NA,NA,NA,NA,"2022-04-01 15:30:00"
2022,"11",1,1,1,1,NA,NA,NA,NA,NA,NA,NA,NA,NA,NA,"2022-04-01 15:30:00"
2022,"12",67,67,1,17,18,34,35,50,51,67,NA,NA,NA,NA,"2022-04-01 15:30:00"
2022,"13",159,159,1,40,41,80,81,119,120,159,NA,NA,NA,NA,"2022-04-01 15:30:00"
2022,"15",5,4,1,1,2,2,3,3,4,4,NA,NA,999,999,"2022-04-01 15:30:00"
2022,"16",44,43,1,11,12,22,23,32,33,43,NA,NA,999,999,"2022-04-01 15:30:00"
2022,"17",102,102,1,26,27,51,52,76,77,102,NA,NA,NA,NA,"2022-04-01 15:30:00"
2022,"18",92,92,1,23,24,46,47,69,70,92,NA,NA,NA,NA,"2022-04-01 15:30:00"
2022,"19",99,99,1,25,26,50,51,74,75,99,NA,NA,NA,NA,"2022-04-01 15:30:00"
2022,"20",105,104,1,26,27,52,53,78,79,104,NA,NA,999,999,"2022-04-01 15:30:00"
2022,"21",120,120,1,30,31,60,61,90,91,120,NA,NA,NA,NA,"2022-04-01 15:30:00"
2022,"22",64,64,1,16,17,32,33,48,49,64,NA,NA,NA,NA,"2022-04-01 15:30:00"
2022,"23",16,16,1,4,5,8,9,12,13,16,NA,NA,NA,NA,"2022-04-01 15:30:00"
2022,"24",24,24,1,6,7,12,13,18,19,24,NA,NA,NA,NA,"2022-04-01 15:30:00"
2022,"25",14,14,1,4,5,7,8,10,11,14,NA,NA,NA,NA,"2022-04-01 15:30:00"
2022,"26",83,83,1,21,22,42,43,62,63,83,NA,NA,NA,NA,"2022-04-01 15:30:00"
2022,"27",87,87,1,22,23,44,45,65,66,87,NA,NA,NA,NA,"2022-04-01 15:30:00"
2022,"28",82,82,1,20,21,41,42,62,63,82,NA,NA,NA,NA,"2022-04-01 15:30:00"
2022,"29",115,115,1,29,30,58,59,86,87,115,NA,NA,NA,NA,"2022-04-01 15:30:00"
2022,"30",56,47,1,12,13,24,25,35,36,47,NA,NA,999,999,"2022-04-01 15:30:00"
2022,"31",93,79,1,20,21,40,41,59,60,79,NA,NA,999,999,"2022-04-01 15:30:00"
2022,"32",17,16,1,4,5,8,9,12,13,16,NA,NA,999,999,"2022-04-01 15:30:00"
2022,"33",10,10,1,2,3,5,6,8,9,10,NA,NA,NA,NA,"2022-04-01 15:30:00"
2022,"34",21,21,1,5,6,10,11,16,17,21,NA,NA,NA,NA,"2022-04-01 15:30:00"
2022,"35",33,32,1,8,9,16,17,24,25,32,NA,NA,999,999,"2022-04-01 15:30:00"
2022,"36",62,62,1,16,17,31,32,46,47,62,NA,NA,NA,NA,"2022-04-01 15:30:00"
2022,"37",100,100,1,25,26,50,51,75,76,100,NA,NA,NA,NA,"2022-04-01 15:30:00"
2022,"38",53,48,1,12,13,24,25,36,37,48,NA,NA,999,999,"2022-04-01 15:30:00"
2022,"39",88,88,1,22,23,44,45,66,67,88,NA,NA,NA,NA,"2022-04-01 15:30:00"
2022,"40",77,77,1,19,20,38,39,58,59,77,NA,NA,NA,NA,"2022-04-01 15:30:00"
2022,"41",36,35,1,9,10,18,19,26,27,35,NA,NA,999,999,"2022-04-01 15:30:00"
2022,"42",67,67,1,17,18,34,35,50,51,67,NA,NA,NA,NA,"2022-04-01 15:30:00"
2022,"44",5,5,1,1,2,2,3,3,4,4,5,5,NA,NA,"2022-04-01 15:30:00"
2022,"45",46,46,1,12,13,23,24,34,35,46,NA,NA,NA,NA,"2022-04-01 15:30:00"
2022,"46",66,61,1,15,16,30,31,46,47,61,NA,NA,999,999,"2022-04-01 15:30:00"
2022,"47",95,95,1,24,25,48,49,71,72,95,NA,NA,NA,NA,"2022-04-01 15:30:00"
2022,"48",254,244,1,61,62,122,123,183,184,244,NA,NA,999,999,"2022-04-01 15:30:00"
2022,"49",29,28,1,7,8,14,15,21,22,28,NA,NA,999,999,"2022-04-01 15:30:00"
2022,"50",14,14,1,4,5,7,8,10,11,14,NA,NA,NA,NA,"2022-04-01 15:30:00"
2022,"51",133,133,1,33,34,66,67,100,101,133,NA,NA,NA,NA,"2022-04-01 15:30:00"
2022,"53",39,39,1,10,11,20,21,29,30,39,NA,NA,NA,NA,"2022-04-01 15:30:00"
2022,"54",55,55,1,14,15,28,29,41,42,55,NA,NA,NA,NA,"2022-04-01 15:30:00"
2022,"55",72,72,1,18,19,36,37,54,55,72,NA,NA,NA,NA,"2022-04-01 15:30:00"
2022,"56",23,23,1,6,7,12,13,17,18,23,NA,NA,NA,NA,"2022-04-01 15:30:00"
2023,"01",67,67,1,17,18,34,35,50,51,67,NA,NA,NA,NA,"2023-02-20 12:28:00"
2023,"02",29,24,1,6,7,12,13,18,19,24,NA,NA,999,999,"2023-02-20 12:28:00"
2023,"04",15,15,1,4,5,8,9,11,12,15,NA,NA,NA,NA,"2023-02-20 12:28:00"
2023,"05",75,75,1,19,20,38,39,56,57,75,NA,NA,NA,NA,"2023-02-20 12:28:00"
2023,"06",58,58,1,14,15,29,30,44,45,58,NA,NA,NA,NA,"2023-02-20 12:28:00"
2023,"08",64,59,1,15,16,30,31,44,45,59,NA,NA,999,999,"2023-02-20 12:28:00"
2023,"09",8,8,1,2,3,4,5,6,7,8,NA,NA,NA,NA,"2023-02-20 12:28:00"
2023,"10",3,3,1,1,2,2,3,3,NA,NA,NA,NA,NA,NA,"2023-02-20 12:28:00"
2023,"11",1,1,1,1,NA,NA,NA,NA,NA,NA,NA,NA,NA,NA,"2023-02-20 12:28:00"
2023,"12",67,67,1,17,18,34,35,50,51,67,NA,NA,NA,NA,"2023-02-20 12:28:00"
2023,"13",159,159,1,40,41,80,81,119,120,159,NA,NA,NA,NA,"2023-02-20 12:28:00"
2023,"15",5,4,1,1,2,2,3,3,4,4,NA,NA,999,999,"2023-02-20 12:28:00"
2023,"16",44,43,1,11,12,22,23,32,33,43,NA,NA,999,999,"2023-02-20 12:28:00"
2023,"17",102,102,1,26,27,51,52,76,77,102,NA,NA,NA,NA,"2023-02-20 12:28:00"
2023,"18",92,92,1,23,24,46,47,69,70,92,NA,NA,NA,NA,"2023-02-20 12:28:00"
2023,"19",99,99,1,25,26,50,51,74,75,99,NA,NA,NA,NA,"2023-02-20 12:28:00"
2023,"20",105,104,1,26,27,52,53,78,79,104,NA,NA,999,999,"2023-02-20 12:28:00"
2023,"21",120,120,1,30,31,60,61,90,91,120,NA,NA,NA,NA,"2023-02-20 12:28:00"
2023,"22",64,64,1,16,17,32,33,48,49,64,NA,NA,NA,NA,"2023-02-20 12:28:00"
2023,"23",16,16,1,4,5,8,9,12,13,16,NA,NA,NA,NA,"2023-02-20 12:28:00"
2023,"24",24,24,1,6,7,12,13,18,19,24,NA,NA,NA,NA,"2023-02-20 12:28:00"
2023,"25",14,14,1,4,5,7,8,10,11,14,NA,NA,NA,NA,"2023-02-20 12:28:00"
2023,"26",83,83,1,21,22,42,43,62,63,83,NA,NA,NA,NA,"2023-02-20 12:28:00"
2023,"27",87,87,1,22,23,44,45,65,66,87,NA,NA,NA,NA,"2023-02-20 12:28:00"
2023,"28",82,82,1,20,21,41,42,62,63,82,NA,NA,NA,NA,"2023-02-20 12:28:00"
2023,"29",115,115,1,29,30,58,59,86,87,115,NA,NA,NA,NA,"2023-02-20 12:28:00"
2023,"30",56,47,1,12,13,24,25,35,36,47,NA,NA,999,999,"2023-02-20 12:28:00"
2023,"31",93,79,1,20,21,40,41,59,60,79,NA,NA,999,999,"2023-02-20 12:28:00"
2023,"32",17,16,1,4,5,8,9,12,13,16,NA,NA,999,999,"2023-02-20 12:28:00"
2023,"33",10,10,1,2,3,5,6,8,9,10,NA,NA,NA,NA,"2023-02-20 12:28:00"
2023,"34",21,21,1,5,6,10,11,16,17,21,NA,NA,NA,NA,"2023-02-20 12:28:00"
2023,"35",33,32,1,8,9,16,17,24,25,32,NA,NA,999,999,"2023-02-20 12:28:00"
2023,"36",62,62,1,16,17,31,32,46,47,62,NA,NA,NA,NA,"2023-02-20 12:28:00"
2023,"37",100,100,1,25,26,50,51,75,76,100,NA,NA,NA,NA,"2023-02-20 12:28:00"
2023,"38",53,48,1,12,13,24,25,36,37,48,NA,NA,999,999,"2023-02-20 12:28:00"
2023,"39",88,88,1,22,23,44,45,66,67,88,NA,NA,NA,NA,"2023-02-20 12:28:00"
2023,"40",77,77,1,19,20,38,39,58,59,77,NA,NA,NA,NA,"2023-02-20 12:28:00"
2023,"41",36,35,1,9,10,18,19,26,27,35,NA,NA,999,999,"2023-02-20 12:28:00"
2023,"42",67,67,1,17,18,34,35,50,51,67,NA,NA,NA,NA,"2023-02-20 12:28:00"
2023,"44",5,5,1,1,2,2,3,3,4,4,5,5,NA,NA,"2023-02-20 12:28:00"
2023,"45",46,46,1,12,13,23,24,34,35,46,NA,NA,NA,NA,"2023-02-20 12:28:00"
2023,"46",66,61,1,15,16,30,31,46,47,61,NA,NA,999,999,"2023-02-20 12:28:00"
2023,"47",95,95,1,24,25,48,49,71,72,95,NA,NA,NA,NA,"2023-02-20 12:28:00"
2023,"48",254,244,1,61,62,122,123,183,184,244,NA,NA,999,999,"2023-02-20 12:28:00"
2023,"49",29,28,1,7,8,14,15,21,22,28,NA,NA,999,999,"2023-02-20 12:28:00"
2023,"50",14,14,1,4,5,7,8,10,11,14,NA,NA,NA,NA,"2023-02-20 12:28:00"
2023,"51",133,133,1,33,34,66,67,100,101,133,NA,NA,NA,NA,"2023-02-20 12:28:00"
2023,"53",39,39,1,10,11,20,21,29,30,39,NA,NA,NA,NA,"2023-02-20 12:28:00"
2023,"54",55,55,1,14,15,28,29,41,42,55,NA,NA,NA,NA,"2023-02-20 12:28:00"
2023,"55",72,72,1,18,19,36,37,54,55,72,NA,NA,NA,NA,"2023-02-20 12:28:00"
2023,"56",23,23,1,6,7,12,13,17,18,23,NA,NA,NA,NA,"2023-02-20 12:28:00"
2024,"01",67,67,1,17,18,34,35,50,51,67,NA,NA,NA,NA,"2024-03-04 12:11:00"
2024,"02",30,24,1,6,7,12,13,18,19,24,NA,NA,999,999,"2024-03-04 12:11:00"
2024,"04",15,15,1,4,5,8,9,11,12,15,NA,NA,NA,NA,"2024-03-04 12:11:00"
2024,"05",75,75,1,19,20,38,39,56,57,75,NA,NA,NA,NA,"2024-03-04 12:11:00"
2024,"06",58,58,1,14,15,29,30,44,45,58,NA,NA,NA,NA,"2024-03-04 12:11:00"
2024,"08",64,59,1,15,16,30,31,44,45,59,NA,NA,999,999,"2024-03-04 12:11:00"
2024,"09",8,8,1,2,3,4,5,6,7,8,NA,NA,NA,NA,"2024-03-04 12:11:00"
2024,"10",3,3,1,1,2,2,3,3,NA,NA,NA,NA,NA,NA,"2024-03-04 12:11:00"
2024,"11",1,1,1,1,NA,NA,NA,NA,NA,NA,NA,NA,NA,NA,"2024-03-04 12:11:00"
2024,"12",67,67,1,17,18,34,35,50,51,67,NA,NA,NA,NA,"2024-03-04 12:11:00"
2024,"13",159,159,1,40,41,80,81,119,120,159,NA,NA,NA,NA,"2024-03-04 12:11:00"
2024,"15",5,4,1,1,2,2,3,3,4,4,NA,NA,999,999,"2024-03-04 12:11:00"
2024,"16",44,43,1,11,12,22,23,32,33,43,NA,NA,999,999,"2024-03-04 12:11:00"
2024,"17",102,102,1,26,27,51,52,76,77,102,NA,NA,NA,NA,"2024-03-04 12:11:00"
2024,"18",92,92,1,23,24,46,47,69,70,92,NA,NA,NA,NA,"2024-03-04 12:11:00"
2024,"19",99,99,1,25,26,50,51,74,75,99,NA,NA,NA,NA,"2024-03-04 12:11:00"
2024,"20",105,104,1,26,27,52,53,78,79,104,NA,NA,999,999,"2024-03-04 12:11:00"
2024,"21",120,120,1,30,31,60,61,90,91,120,NA,NA,NA,NA,"2024-03-04 12:11:00"
2024,"22",64,64,1,16,17,32,33,48,49,64,NA,NA,NA,NA,"2024-03-04 12:11:00"
2024,"23",16,16,1,4,5,8,9,12,13,16,NA,NA,NA,NA,"2024-03-04 12:11:00"
2024,"24",24,24,1,6,7,12,13,18,19,24,NA,NA,NA,NA,"2024-03-04 12:11:00"
2024,"25",14,14,1,4,5,7,8,10,11,14,NA,NA,NA,NA,"2024-03-04 12:11:00"
2024,"26",83,83,1,21,22,42,43,62,63,83,NA,NA,NA,NA,"2024-03-04 12:11:00"
2024,"27",87,87,1,22,23,44,45,65,66,87,NA,NA,NA,NA,"2024-03-04 12:11:00"
2024,"28",82,82,1,20,21,41,42,62,63,82,NA,NA,NA,NA,"2024-03-04 12:11:00"
2024,"29",115,115,1,29,30,58,59,86,87,115,NA,NA,NA,NA,"2024-03-04 12:11:00"
2024,"30",56,48,1,12,13,24,25,36,37,48,NA,NA,999,999,"2024-03-04 12:11:00"
2024,"31",93,79,1,20,21,40,41,59,60,79,NA,NA,999,999,"2024-03-04 12:11:00"
2024,"32",17,16,1,4,5,8,9,12,13,16,NA,NA,999,999,"2024-03-04 12:11:00"
2024,"33",10,10,1,2,3,5,6,8,9,10,NA,NA,NA,NA,"2024-03-04 12:11:00"
2024,"34",21,21,1,5,6,10,11,16,17,21,NA,NA,NA,NA,"2024-03-04 12:11:00"
2024,"35",33,32,1,8,9,16,17,24,25,32,NA,NA,999,999,"2024-03-04 12:11:00"
2024,"36",62,62,1,16,17,31,32,46,47,62,NA,NA,NA,NA,"2024-03-04 12:11:00"
2024,"37",100,100,1,25,26,50,51,75,76,100,NA,NA,NA,NA,"2024-03-04 12:11:00"
2024,"38",53,51,1,13,14,26,27,38,39,51,NA,NA,999,999,"2024-03-04 12:11:00"
2024,"39",88,88,1,22,23,44,45,66,67,88,NA,NA,NA,NA,"2024-03-04 12:11:00"
2024,"40",77,77,1,19,20,38,39,58,59,77,NA,NA,NA,NA,"2024-03-04 12:11:00"
2024,"41",36,36,1,9,10,18,19,27,28,36,NA,NA,NA,NA,"2024-03-04 12:11:00"
2024,"42",67,67,1,17,18,34,35,50,51,67,NA,NA,NA,NA,"2024-03-04 12:11:00"
2024,"44",5,5,1,1,2,2,3,3,4,4,5,5,NA,NA,"2024-03-04 12:11:00"
2024,"45",46,46,1,12,13,23,24,34,35,46,NA,NA,NA,NA,"2024-03-04 12:11:00"
2024,"46",66,62,1,16,17,31,32,46,47,62,NA,NA,999,999,"2024-03-04 12:11:00"
2024,"47",95,95,1,24,25,48,49,71,72,95,NA,NA,NA,NA,"2024-03-04 12:11:00"
2024,"48",254,244,1,61,62,122,123,183,184,244,NA,NA,999,999,"2024-03-04 12:11:00"
2024,"49",29,28,1,7,8,14,15,21,22,28,NA,NA,999,999,"2024-03-04 12:11:00"
2024,"50",14,14,1,4,5,7,8,10,11,14,NA,NA,NA,NA,"2024-03-04 12:11:00"
2024,"51",133,133,1,33,34,66,67,100,101,133,NA,NA,NA,NA,"2024-03-04 12:11:00"
2024,"53",39,39,1,10,11,20,21,29,30,39,NA,NA,NA,NA,"2024-03-04 12:11:00"
2024,"54",55,55,1,14,15,28,29,41,42,55,NA,NA,NA,NA,"2024-03-04 12:11:00"
2024,"55",72,72,1,18,19,36,37,54,55,72,NA,NA,NA,NA,"2024-03-04 12:11:00"
2024,"56",23,23,1,6,7,12,13,17,18,23,NA,NA,NA,NA,"2024-03-04 12:11:00"
2025,"01",67,67,1,17,18,34,35,50,51,67,NA,NA,NA,NA,"2025-02-28 12:42:00"
2025,"02",30,25,1,6,7,12,13,19,20,25,NA,NA,999,999,"2025-02-28 12:42:00"
2025,"04",15,15,1,4,5,8,9,11,12,15,NA,NA,NA,NA,"2025-02-28 12:42:00"
2025,"05",75,75,1,19,20,38,39,56,57,75,NA,NA,NA,NA,"2025-02-28 12:42:00"
2025,"06",58,58,1,14,15,29,30,44,45,58,NA,NA,NA,NA,"2025-02-28 12:42:00"
2025,"08",64,60,1,15,16,30,31,45,46,60,NA,NA,999,999,"2025-02-28 12:42:00"
2025,"09",17,9,1,2,3,4,5,7,8,9,NA,NA,999,999,"2025-02-28 12:42:00"
2025,"10",3,3,1,1,2,2,3,3,NA,NA,NA,NA,NA,NA,"2025-02-28 12:42:00"
2025,"11",1,1,1,1,NA,NA,NA,NA,NA,NA,NA,NA,NA,NA,"2025-02-28 12:42:00"
2025,"12",67,67,1,17,18,34,35,50,51,67,NA,NA,NA,NA,"2025-02-28 12:42:00"
2025,"13",159,159,1,40,41,80,81,119,120,159,NA,NA,NA,NA,"2025-02-28 12:42:00"
2025,"15",5,4,1,1,2,2,3,3,4,4,NA,NA,999,999,"2025-02-28 12:42:00"
2025,"16",44,42,1,10,11,21,22,32,33,42,NA,NA,999,999,"2025-02-28 12:42:00"
2025,"17",102,102,1,26,27,51,52,76,77,102,NA,NA,NA,NA,"2025-02-28 12:42:00"
2025,"18",92,92,1,23,24,46,47,69,70,92,NA,NA,NA,NA,"2025-02-28 12:42:00"
2025,"19",99,99,1,25,26,50,51,74,75,99,NA,NA,NA,NA,"2025-02-28 12:42:00"
2025,"20",105,104,1,26,27,52,53,78,79,104,NA,NA,999,999,"2025-02-28 12:42:00"
2025,"21",120,120,1,30,31,60,61,90,91,120,NA,NA,NA,NA,"2025-02-28 12:42:00"
2025,"22",64,64,1,16,17,32,33,48,49,64,NA,NA,NA,NA,"2025-02-28 12:42:00"
2025,"23",16,16,1,4,5,8,9,12,13,16,NA,NA,NA,NA,"2025-02-28 12:42:00"
2025,"24",24,24,1,6,7,12,13,18,19,24,NA,NA,NA,NA,"2025-02-28 12:42:00"
2025,"25",14,14,1,4,5,7,8,10,11,14,NA,NA,NA,NA,"2025-02-28 12:42:00"
2025,"26",83,83,1,21,22,42,43,62,63,83,NA,NA,NA,NA,"2025-02-28 12:42:00"
2025,"27",87,87,1,22,23,44,45,65,66,87,NA,NA,NA,NA,"2025-02-28 12:42:00"
2025,"28",82,82,1,20,21,41,42,62,63,82,NA,NA,NA,NA,"2025-02-28 12:42:00"
2025,"29",115,115,1,29,30,58,59,86,87,115,NA,NA,NA,NA,"2025-02-28 12:42:00"
2025,"30",56,49,1,12,13,24,25,37,38,49,NA,NA,999,999,"2025-02-28 12:42:00"
2025,"31",93,79,1,20,21,40,41,59,60,79,NA,NA,999,999,"2025-02-28 12:42:00"
2025,"32",17,16,1,4,5,8,9,12,13,16,NA,NA,999,999,"2025-02-28 12:42:00"
2025,"33",10,10,1,2,3,5,6,8,9,10,NA,NA,NA,NA,"2025-02-28 12:42:00"
2025,"34",21,21,1,5,6,10,11,16,17,21,NA,NA,NA,NA,"2025-02-28 12:42:00"
2025,"35",33,32,1,8,9,16,17,24,25,32,NA,NA,999,999,"2025-02-28 12:42:00"
2025,"36",62,62,1,16,17,31,32,46,47,62,NA,NA,NA,NA,"2025-02-28 12:42:00"
2025,"37",100,100,1,25,26,50,51,75,76,100,NA,NA,NA,NA,"2025-02-28 12:42:00"
2025,"38",53,51,1,13,14,26,27,38,39,51,NA,NA,999,999,"2025-02-28 12:42:00"
2025,"39",88,88,1,22,23,44,45,66,67,88,NA,NA,NA,NA,"2025-02-28 12:42:00"
2025,"40",77,77,1,19,20,38,39,58,59,77,NA,NA,NA,NA,"2025-02-28 12:42:00"
2025,"41",36,36,1,9,10,18,19,27,28,36,NA,NA,NA,NA,"2025-02-28 12:42:00"
2025,"42",67,67,1,17,18,34,35,50,51,67,NA,NA,NA,NA,"2025-02-28 12:42:00"
2025,"44",5,5,1,1,2,2,3,3,4,4,5,5,NA,NA,"2025-02-28 12:42:00"
2025,"45",46,46,1,12,13,23,24,34,35,46,NA,NA,NA,NA,"2025-02-28 12:42:00"
2025,"46",66,62,1,16,17,31,32,46,47,62,NA,NA,999,999,"2025-02-28 12:42:00"
2025,"47",95,95,1,24,25,48,49,71,72,95,NA,NA,NA,NA,"2025-02-28 12:42:00"
2025,"48",254,244,1,61,62,122,123,183,184,244,NA,NA,999,999,"2025-02-28 12:42:00"
2025,"49",29,26,1,6,7,13,14,20,21,26,NA,NA,999,999,"2025-02-28 12:42:00"
2025,"50",14,14,1,4,5,7,8,10,11,14,NA,NA,NA,NA,"2025-02-28 12:42:00"
2025,"51",133,133,1,33,34,66,67,100,101,133,NA,NA,NA,NA,"2025-02-28 12:42:00"
2025,"53",39,39,1,10,11,20,21,29,30,39,NA,NA,NA,NA,"2025-02-28 12:42:00"
2025,"54",55,55,1,14,15,28,29,41,42,55,NA,NA,NA,NA,"2025-02-28 12:42:00"
2025,"55",72,72,1,18,19,36,37,54,55,72,NA,NA,NA,NA,"2025-02-28 12:42:00"
2025,"56",23,23,1,6,7,12,13,17,18,23,NA,NA,NA,NA,"2025-02-28 12:42:00"
